id,domain,status,purchase_price,renewal_price,attractiveness,demand,length,registrar,created_at,expires_at,status_verified_at
62479322-ab7d-4c73-a9ae-71cb76d8516f,beer.farm,resell,,,high,medium,4,Porkbun LLC,18/05/2021 13:12,18/05/2027 13:12,29/09/2026 02:00
9962cca9-c9d4-445f-ae91-a8132b8deffa,overblown.farm,available,4.98,49.98,medium,low,9,namecheap,,,04/09/2026 20:19
f452a75c-c412-41ac-b1ea-a4ab4303a609,atoll.farm,available,4.98,49.98,high,low,5,namecheap,,,20/09/2026 21:52
5842075f-630b-4b5d-a681-4d554819afbd,supernal.farm,available,4.98,49.98,medium,low,8,namecheap,,,11/09/2026 02:23
494301cf-2e86-4438-86cb-20eed7337982,breathtaking.farm,available,15.99,38.99,high,low,12,namesilo,,,01/10/2026 10:31
00e49865-8345-44ca-84d0-f747eb28a60d,patrons.farm,available,15.99,38.99,medium,low,7,namesilo,,,30/09/2026 14:47
cbecb0e7-8d31-4deb-ad0a-1d2a9336b688,piddle.farm,available,4.98,49.98,low,low,6,namecheap,,,13/09/2026 08:06
0c016e46-0a17-4d52-a69e-f8a11e91464d,bai.farm,available,4.98,49.98,high,low,3,namecheap,,,21/09/2026 18:49
0d57cc8b-3695-43a1-ac20-59f52543dee2,goggles.farm,available,4.34,31.25,high,low,7,spaceship,,,30/09/2026 17:29
433193c3-7a29-4290-bddb-cb5ccf991a46,coupled.farm,available,4.98,49.98,high,low,7,namecheap,,,12/08/2026 22:15
f60ba36a-87a6-4d38-b3cd-5dfc0dcf2554,arabis.farm,available,15.99,38.99,high,low,6,namesilo,,,19/09/2026 23:33
450feb40-6022-4c6b-999c-9b715133bf09,neuroscience.farm,available,7.72,31.41,high,low,12,porkbun,,,30/09/2026 20:58
6e740526-5037-4c8e-8167-003e13f5e304,uniformed.farm,available,4.98,49.98,medium,low,9,namecheap,,,12/09/2026 12:57
460eeca1-ddc6-4ea3-b2b8-a5429ec0078c,grazing.farm,available,15.99,38.99,high,low,7,namesilo,,,29/09/2026 01:08
408af4f0-a2ce-482d-a464-129c30a42850,snowboarding.farm,available,15.99,38.99,high,low,12,namesilo,,,02/10/2026 01:30
0a4e293d-26cf-4850-a02f-9735fd1f96db,aflatoxin.farm,available,15.99,38.99,medium,low,9,namesilo,,,17/09/2026 15:06
1ff04e05-ab1c-4890-96f0-b576b0b91678,lolita.farm,available,4.34,31.25,high,low,6,spaceship,,,02/10/2026 05:39
7753d067-6ea7-4f08-b6f5-cb4669447acd,correspondent.farm,available,15.99,38.99,medium,low,13,namesilo,,,29/09/2026 03:16
722a9037-3b34-4db5-acfe-c928608d6bc8,urge.farm,available,30.2,30.2,high,low,4,cloudflare,,,28/09/2026 19:09
a56856c0-f70e-48bd-b3b8-a48e87127cd4,initially.farm,available,30.2,30.2,medium,low,9,cloudflare,,,28/09/2026 11:32
9ca040ac-fbaa-48a9-a42c-def08a35bae8,cemeteries.farm,available,4.34,31.25,medium,low,10,spaceship,,,30/09/2026 14:40
d4a9603c-6d66-423a-9dc8-1480eedc8544,assouan.farm,available,15.99,38.99,medium,low,7,namesilo,,,20/09/2026 16:37
40f1d0f6-1e37-42ab-b49d-c288580f67aa,pushup.farm,available,13.99,,high,low,7,name.com,,,
a8050ce8-4a92-490b-a555-abee06e6a76a,mightily.farm,available,4.98,49.98,medium,low,8,namecheap,,,24/08/2026 22:45
46fbc556-40e2-4d79-bac5-1975543f15a1,alfredo.farm,available,7.71,32.21,high,low,7,dynadot,,,28/09/2026 04:35
c54e7bf3-a373-4fe4-8380-612fa704872c,mazda.farm,available,4.34,31.25,high,low,5,spaceship,,,28/09/2026 16:04
3c4ffecb-64e0-4301-95ef-94c19edb1481,guatemalan.farm,available,4.98,49.98,high,low,10,namecheap,,,20/08/2026 20:45
629e2d5d-6295-4496-aa3a-905f9766b645,babushka.farm,available,4.98,49.98,high,low,8,namecheap,,,21/09/2026 12:58
a16fb84f-32c7-4aea-8b89-b711a0aa05ea,easterly.farm,available,4.98,49.98,medium,low,8,namecheap,,,14/08/2026 22:51
10a33dfe-aa43-41ce-af57-776af89d9eef,breakaway.farm,available,4.98,49.98,high,low,9,namecheap,,,11/08/2026 03:01
81a822e5-cac6-4a5f-9029-cc6671b02bf9,transmitted.farm,available,4.98,49.98,medium,low,11,namecheap,,,16/09/2026 07:54
afc8b28b-bf35-4898-b92b-fdce706c81df,banyan.farm,available,15.99,38.99,high,low,6,namesilo,,,22/09/2026 02:04
eeef5ffd-3cf1-400e-bc13-c2263a4d1b0c,moderate.farm,available,4.98,49.98,high,low,8,namecheap,,,12/08/2026 00:16
313c4654-427a-487e-b7ca-4f3050cab35b,inactive.farm,available,4.98,49.98,medium,low,8,namecheap,,,22/08/2026 00:11
6299861a-7dca-45ca-bfc5-7f63b24acf0b,cappadocia.farm,available,15.99,38.99,high,low,10,namesilo,,,02/10/2026 14:34
19f92451-e159-4c97-8e35-cb4c4d9bd7f7,padded.farm,available,4.98,49.98,high,low,6,namecheap,,,13/08/2026 11:57
b2ca44e5-3696-412e-85ea-a06090e6ce22,liv.farm,available,4.98,49.98,high,low,3,namecheap,,,
6d613b95-e3b9-47fb-99b3-0ce6f66be3b2,aerobe.farm,available,15.99,38.99,medium,low,6,namesilo,,,17/09/2026 12:54
1a4f7f5a-5dcb-44ad-839a-111dd6dc4461,alpena.farm,available,15.99,38.99,medium,low,6,namesilo,,,18/09/2026 13:31
1a35ab0f-e3e7-48b8-a75e-0ed45b606c29,ailment.farm,available,4.98,49.98,medium,low,7,namecheap,,,21/08/2026 18:47
fb78b5a9-19ed-40c0-9ed5-a633b19a8177,blaming.farm,available,7.71,32.21,medium,low,7,dynadot,,,28/09/2026 18:00
44927b12-662f-4f55-ab84-bb44a6f2933b,fitzwilliam.farm,available,7.72,31.41,medium,low,11,porkbun,,,01/10/2026 10:32
ff6ee0a5-d646-40cf-a502-d698b41b00dc,applique.farm,available,15.99,38.99,medium,low,8,namesilo,,,19/09/2026 21:57
d261be0f-a8b1-4f00-9c31-e71389c60140,relieved.farm,available,4.98,49.98,high,low,8,namecheap,,,
1d04de1f-80a5-4218-9de1-b4c7667890ea,curiae.farm,available,15.99,38.99,low,low,6,namesilo,,,01/10/2026 17:28
7dcb3bc0-09a2-4fb4-a093-4a4d6dfdaf43,labile.farm,available,4.98,49.98,medium,low,6,namecheap,,,22/08/2026 17:32
b013639c-fc65-4fc2-9f08-c0d56458e2b0,auditions.farm,available,15.99,38.99,medium,low,9,namesilo,,,30/09/2026 16:27
8e6d2666-344a-45cc-b27e-d34c367662e3,leed.farm,available,15,,high,low,4,unstoppable,,,30/09/2026 20:18
04e125b2-eded-419e-b316-881281a1b573,abenaki.farm,available,4.98,49.98,medium,low,7,namecheap,,,
17949db8-ac43-4cd6-94d6-44ea229092d3,tangent.farm,available,15.99,38.99,high,low,7,namesilo,,,01/10/2026 04:00
f573f412-c6f6-49ca-bb6c-7514121b38ad,andrei.farm,available,15.99,38.99,high,low,6,namesilo,,,28/09/2026 04:07
a4df1954-2ebf-4822-acbb-0832aa5099fd,lawfully.farm,available,13.99,50.99,medium,low,8,name.com,,,13/08/2026 19:09
9d013a1e-155b-4745-a22c-02ad417ec3d0,tackling.farm,available,15.99,38.99,high,low,8,namesilo,,,03/10/2026 03:33
7532f685-8dd5-4529-bd33-e46c98e5fcd2,flattened.farm,available,4.98,49.98,medium,low,9,namecheap,,,18/08/2026 06:55
515cd421-2454-426f-902e-5e206681929b,reeder.farm,available,4.98,49.98,high,low,6,namecheap,,,02/10/2026 19:06
77d0e14b-593f-42b7-8d69-45fadb9e9bac,dripping.farm,available,4.98,49.98,medium,low,8,namecheap,,,14/09/2026 14:32
1f313987-facb-4143-8a1c-b26edc9c351b,pattison.farm,available,30.2,30.2,medium,low,8,cloudflare,,,01/10/2026 10:31
9f1c8afb-abba-42e3-a715-955fda28e55c,salim.farm,available,15.99,38.99,high,low,5,namesilo,,,19/09/2026 04:37
7cf195e2-383a-497b-983e-877aa77a3481,attainment.farm,available,15.99,38.99,high,low,10,namesilo,,,17/09/2026 02:38
4d82fbc5-146d-4a16-9866-ea2e35ea13e5,tacit.farm,available,4.98,49.98,high,low,5,namecheap,,,11/09/2026 06:56
e6ba81b6-d60b-4e0c-97ba-d7c0d57f8be6,notoriety.farm,available,15.99,38.99,high,low,9,namesilo,,,02/10/2026 15:47
4cc16508-971d-49d8-a998-6386bb923c04,dissected.farm,available,4.98,49.98,medium,low,9,namecheap,,,12/08/2026 10:41
218a884e-f37e-4992-b96a-3fd20148538b,unformed.farm,available,4.98,49.98,medium,low,8,namecheap,,,12/09/2026 10:39
bf96e84e-956d-4dd7-80d0-6fba3668b86f,steadying.farm,available,4.98,49.98,medium,low,9,namecheap,,,10/09/2026 19:39
7b5d9e99-bda7-4053-8c0f-ecc003a9f965,supporters.farm,available,30.2,30.2,medium,low,10,cloudflare,,,30/09/2026 07:11
9c66981a-e2c1-44da-9974-10b3dfde4d87,illuminate.farm,available,4.98,49.98,high,low,10,namecheap,,,23/08/2026 02:47
92ca5229-d7cc-42b3-97d6-1c5ca02aa8a2,tact.farm,available,15.99,38.99,high,low,4,namesilo,,,01/10/2026 21:55
35365f1e-02f0-40d4-877e-5bdef75d336a,dighted.farm,available,4.98,49.98,low,low,7,namecheap,,,14/08/2026 07:17
441d1f5d-b071-4481-8399-06f1054d9369,slickly.farm,available,4.98,49.98,medium,low,7,namecheap,,,14/09/2026 21:36
3a88d978-ecf6-48ec-b0f1-60d1f9d4807f,beatific.farm,available,4.98,49.98,high,low,8,namecheap,,,
85aff408-623d-4cce-8096-718af1c46122,learnedly.farm,available,4.98,49.98,medium,low,9,namecheap,,,14/09/2026 16:04
85beacf5-5b2c-4cd9-84e5-136294ca0631,tennyson.farm,available,15.99,38.99,medium,low,8,namesilo,,,18/09/2026 06:38
e3468ae2-7c4d-4a43-a586-9714e21b784e,streaked.farm,available,4.98,49.98,medium,low,8,namecheap,,,10/09/2026 22:16
bcf442be-702e-4a27-88da-89b72def03b5,canned.farm,available,4.98,49.98,high,low,6,namecheap,,,11/08/2026 17:10
6a457764-bdc1-409f-8d2b-4753d97168cc,vinous.farm,available,4.98,49.98,medium,low,6,namecheap,,,13/09/2026 05:47
59e9432d-be14-4ad1-8d1f-958e6b8f6c67,salad.farm,available,30.2,30.2,high,low,5,cloudflare,,,30/09/2026 10:31
506dead4-bd68-4e96-b1b2-7c4cdcfc9c91,ventilation.farm,available,7.71,32.21,high,low,11,dynadot,,,29/09/2026 04:52
f18b1486-9c11-48ab-8d0a-88cfdbf0091d,sorority.farm,available,30.2,30.2,high,low,8,cloudflare,,,01/10/2026 03:45
489b5f03-40cd-436e-8fe1-33308fdfabd5,student.farm,resell,49.98,,high,low,7,"Spaceship, Inc.",23/02/2026 08:03,23/02/2027 08:03,29/09/2026 03:37
859ed2bd-405b-41dd-be05-7b2c798d6021,insist.farm,available,4.98,49.98,high,low,6,namecheap,,,30/09/2026 20:17
0d98aead-6368-4a1a-b103-4a8cedddd590,politique.farm,available,30.2,30.2,medium,low,9,cloudflare,,,02/10/2026 17:49
02fcf6d4-f136-45f1-b335-b4e04eb896c9,diminuendo.farm,available,4.98,49.98,medium,low,10,namecheap,,,13/08/2026 22:19
a8502159-ca23-4240-b7d1-2f2701986acc,vinnie.farm,available,4.98,49.98,medium,low,6,namecheap,,,30/09/2026 21:20
1d3fae5a-2ade-402e-a960-e147da581222,ado.farm,available,15.99,38.99,high,low,3,namesilo,,,17/09/2026 09:17
c4969e7a-588e-4fe4-971c-65154a768aa2,activase.farm,available,4.98,49.98,medium,low,8,namecheap,,,17/09/2026 05:09
1e309fac-4560-4f63-bda5-2117c0935896,allergist.farm,available,4.34,31.25,medium,low,9,spaceship,,,28/09/2026 20:30
3a31fb3d-0059-4660-8822-720dcc3225fc,champagne.farm,available,15.99,38.99,high,low,9,namesilo,,,23/09/2026 10:06
4c7c542d-13ef-4751-8ef0-5a0f361e0073,retract.farm,available,4.98,49.98,medium,low,7,namecheap,,,01/10/2026 04:08
13d3b6ed-44cf-4528-8913-2712fbc9e064,macrophages.farm,available,4.98,49.98,low,low,11,namecheap,,,28/09/2026 13:24
1b89aa2c-6fe9-46cd-bebb-4de27b78fcab,treed.farm,available,4.98,49.98,medium,low,5,namecheap,,,07/08/2026 11:13
02839c29-4627-4ccd-9b70-cc1e74a29413,wool.farm,resell,,,high,low,4,"GoDaddy.com, LLC",16/03/2021 07:43,16/03/2027 07:43,28/09/2026 10:46
7d568d6d-3e8b-42dd-a0f7-20770e35333e,quizzes.farm,available,15.99,38.99,medium,low,7,namesilo,,,18/09/2026 17:07
5a4ec07e-c981-4e70-a63f-afc9fae3317f,psychological.farm,available,4.98,49.98,medium,low,13,namecheap,,,28/09/2026 04:31
e5775ad6-4cb5-4434-82e6-f331216ce8ac,tes.farm,available,30.2,30.2,medium,low,3,cloudflare,,,30/09/2026 14:57
ddda9780-9b0d-4661-ada0-62bab3c1d1a8,lovelace.farm,available,15.99,38.99,high,low,8,namesilo,,,30/09/2026 10:29
8b083b28-1692-431e-8120-030a9261e929,accents.farm,available,7.72,31.41,medium,low,7,porkbun,,,30/09/2026 15:13
f74cebf8-c04d-42a4-a06d-8b309da1ec5e,watertight.farm,available,4.98,49.98,high,low,10,namecheap,,,11/08/2026 08:34
debe40a8-6d54-4247-ad16-a89bdba2731a,benne.farm,available,15.99,38.99,medium,low,5,namesilo,,,23/09/2026 08:27
c1144153-30f5-477c-b3b6-73f72123f2fc,tramp.farm,available,4.98,49.98,high,low,5,namecheap,,,10/09/2026 22:07
bd8cf7f2-b7b8-47e0-8608-a65ef166871e,lou.farm,available,15.99,38.99,high,low,3,namesilo,,,25/09/2026 14:56
6c085738-274c-49e9-9f91-a3ed211f876b,vegetables.farm,resell,,,high,low,10,"Spaceship, Inc.",15/05/2020 03:55,15/05/2027 03:55,26/09/2026 09:57
750d5e3f-6358-4c35-8bdc-ac108531d83e,acropetal.farm,available,4.98,49.98,medium,low,9,namecheap,,,
7d92d803-83d7-43fe-b3fe-ba2530bc4d4a,pairing.farm,available,15.99,38.99,high,low,7,namesilo,,,02/10/2026 05:44
8c22f25a-41dc-4ed0-8925-e9fc8172a367,unkept.farm,available,4.98,49.98,medium,low,6,namecheap,,,12/09/2026 14:09
09f864fb-edbe-48e9-8cbb-c1d7e0d60d9b,adenosine.farm,available,15.99,38.99,medium,low,9,namesilo,,,17/09/2026 07:32
22bcc3db-affe-416a-9b4f-f547ddb37259,wittily.farm,available,4.98,49.98,medium,low,7,namecheap,,,16/09/2026 11:35
aeec32c7-b8f6-44f0-abee-e777b0de0fb3,ovary.farm,available,7.72,31.41,high,low,5,porkbun,,,01/10/2026 03:11
c5ca57e1-a3da-4921-96cd-aea007209870,biologist.farm,available,4.98,49.98,high,low,9,namecheap,,,23/09/2026 18:26
a383e51c-1315-47b6-82a8-b0779b7964be,agreeable.farm,available,4.98,49.98,high,low,9,namecheap,,,21/09/2026 23:17
cce807cd-0771-433a-98ba-e13a19ed349d,probing.farm,available,4.98,49.98,high,low,7,namecheap,,,22/08/2026 06:21
4ab79da9-c504-47fc-a68a-3337323e00cb,andrey.farm,available,4.34,31.25,high,low,6,spaceship,,,29/09/2026 15:52
9fe79a45-caca-4aab-b914-d4c47fdaf79b,retrieval.farm,available,7.71,32.21,high,low,9,dynadot,,,30/09/2026 02:43
bf2f8fca-af98-43f6-b494-e2c34756f68d,distinctly.farm,available,4.98,49.98,medium,low,10,namecheap,,,14/09/2026 13:19
d09cf440-4892-4ecc-b531-5239672ab04d,agony.farm,available,4.98,49.98,medium,low,5,namecheap,,,11/09/2026 01:10
d33d5914-24c9-4b3f-bf25-657fca6096bc,unbroken.farm,available,4.98,49.98,high,low,8,namecheap,,,22/08/2026 15:36
a096370d-d9f2-4d13-908b-af8326a5ef78,cults.farm,available,15.99,38.99,medium,low,5,namesilo,,,03/10/2026 04:21
73314af7-3410-48e5-873a-751d3d4ba9b7,huddled.farm,available,4.98,49.98,medium,low,7,namecheap,,,21/08/2026 14:34
1dee5618-179a-4774-be55-17e71d1f4d48,famished.farm,available,4.98,49.98,medium,low,8,namecheap,,,17/08/2026 13:41
fbd04d75-3afd-45e3-b133-8a3e4394f102,haworth.farm,available,4.34,31.25,medium,low,7,spaceship,,,29/09/2026 19:08
6b8530fe-fdce-446f-abcb-45938ae82181,clapping.farm,available,4.98,49.98,high,low,8,namecheap,,,19/09/2026 20:57
f8e3b822-b02f-4cd1-a4f6-fabb227c66c2,disappear.farm,available,15.99,38.99,high,low,9,namesilo,,,27/09/2026 05:58
973c8b87-d7ca-4bf2-a325-1b0bcf2d0a7a,charitable.farm,available,4.98,49.98,high,low,10,namecheap,,,12/08/2026 02:34
1071d18b-efd8-4306-9df3-060c45d02ee8,stowe.farm,available,7.72,31.41,medium,low,5,porkbun,,,28/09/2026 14:23
0b3c6969-06f1-45eb-a423-bee965357215,desperation.farm,available,7.72,31.41,medium,low,11,porkbun,,,29/09/2026 15:57
22f130b3-7af1-40b2-b96b-19eb0c4c451c,abls.farm,available,15.99,38.99,medium,low,4,namesilo,,,16/09/2026 16:13
33113709-2f61-4fe9-a5d8-0c9a346ef612,montefiore.farm,available,7.71,32.21,medium,low,10,dynadot,,,02/10/2026 20:32
d9891c4e-6702-434a-b6cb-d33572f7d861,straps.farm,available,15.99,38.99,medium,low,6,namesilo,,,01/10/2026 14:01
2ea8a015-01cc-4c23-b036-5073d7d2a5c4,mash.farm,available,30.2,30.2,high,low,4,cloudflare,,,29/09/2026 11:35
e1a716d5-f79c-475d-8e70-47c466d81f6f,aquatint.farm,available,15.99,38.99,medium,low,8,namesilo,,,19/09/2026 23:09
13b8b099-09e7-4e5d-b886-1f358fdead8e,norfolk.farm,premium,38.94,38.94,high,low,7,namesilo,,,30/09/2026 05:50
29d9c5ad-fc1a-4996-943f-bb396a1a1671,undeniably.farm,available,15.99,38.99,medium,low,10,namesilo,,,16/09/2026 09:52
adef3bc3-bd7f-4d31-b7aa-a8b7f2d13aff,appease.farm,available,4.98,49.98,high,low,7,namecheap,,,18/08/2026 22:08
3b201df5-def0-409f-bfb3-b38538c48370,endodontic.farm,available,4.98,49.98,medium,low,10,namecheap,,,17/08/2026 01:06
febe67c8-c52c-4f2c-b10c-bd63294caf53,gratefully.farm,available,4.98,49.98,medium,low,10,namecheap,,,13/09/2026 20:28
321c6191-2e32-4703-bd06-589d49b7051c,pompon.farm,available,4.98,49.98,medium,low,6,namecheap,,,19/09/2026 09:36
4f40c702-d382-4ce9-85c2-0ad854727474,hooke.farm,available,15,,medium,low,5,unstoppable,,,02/10/2026 05:21
97ce06c8-3657-4e42-89ce-b9e6137d39e6,workload.farm,available,30.2,30.2,high,low,8,cloudflare,,,30/09/2026 03:09
03d82a90-a7b2-4e8e-beb7-0ae4beab9bf1,badge.farm,available,4.98,49.98,high,low,5,namecheap,,,19/09/2026 15:56
1018d643-5fc4-42bb-87f7-f6d939ecf885,themself.farm,available,13.99,,medium,low,8,name.com,,,
2fa13fb4-a917-44b9-9338-d4748d777116,underestimate.farm,available,15,,medium,low,13,unstoppable,,,01/10/2026 06:11
25f03792-9c52-4e02-a709-6450231dd903,array.farm,available,4.98,49.98,high,low,5,namecheap,,,20/09/2026 08:50
a5e650ae-9593-41e3-b52b-7bc8ea0b7bb5,unrepaired.farm,available,4.98,49.98,medium,low,10,namecheap,,,12/09/2026 18:17
e0664c39-1d11-49ea-930f-717eb50ac407,deranged.farm,available,4.98,49.98,medium,low,8,namecheap,,,13/08/2026 05:32
bd02ddbd-d4e7-494c-8f97-99549bdefaa3,fixed.farm,available,4.98,49.98,high,low,5,namecheap,,,24/09/2026 19:10
04d19ff8-12c9-4874-a28d-6792b468894c,atrazine.farm,available,15.99,38.99,high,low,8,namesilo,,,21/09/2026 00:37
fcc17be2-9f3c-4a49-81f4-40e47bc57547,favorable.farm,available,15.99,38.99,high,low,9,namesilo,,,24/09/2026 17:21
556e9a8a-7b98-4afe-a791-a2fbd6bca109,substandard.farm,available,4.34,31.25,medium,low,11,spaceship,,,03/10/2026 03:18
6e07f1d5-22f2-49b5-9149-7e5d92ced9a6,wausau.farm,available,15.99,38.99,medium,low,6,namesilo,,,01/10/2026 22:03
b66c6d1c-07e5-400f-9205-0febe3f4ad76,cashel.farm,available,4.98,49.98,medium,low,6,namecheap,,,03/10/2026 04:18
e6b961e2-c09e-42b5-b250-b62118e09a85,faces.farm,available,13.99,,medium,low,5,name.com,,,
0d2b5075-6ebe-4b26-b0b6-70ef6bd41148,bargello.farm,available,4.98,49.98,medium,low,8,namecheap,,,22/09/2026 05:48
e81aef22-d03e-44be-b104-a0a592cfbbe8,unlikable.farm,available,4.98,49.98,medium,low,9,namecheap,,,12/09/2026 00:58
83c19d63-e3c3-4033-93c5-f199c7733e94,bloomingdale.farm,available,15.99,38.99,high,low,12,namesilo,,,03/10/2026 04:26
bc272db3-db5c-4e11-89f0-b9358233ea6c,petrified.farm,available,4.34,31.25,medium,low,9,spaceship,,,01/10/2026 05:17
6d5235b8-433c-4f93-8bef-02444590e74c,mineralized.farm,available,15.99,38.99,medium,low,11,namesilo,,,03/10/2026 03:41
440472c0-b7a1-492a-9b50-cc407ea3f9f1,herpes.farm,available,15.99,38.99,high,low,6,namesilo,,,30/09/2026 17:37
7e1d041e-abda-49fb-875a-3cc9bf82e669,citified.farm,available,4.98,49.98,medium,low,8,namecheap,,,12/08/2026 08:47
0cd358f2-0c59-4043-a865-6b3ca5744a1a,saute.farm,available,4.98,49.98,high,low,5,namecheap,,,09/09/2026 22:00
42339c4b-9c8d-45f4-917d-ad7065b0f6b4,athol.farm,available,4.98,49.98,medium,low,5,namecheap,,,02/10/2026 20:52
6493c388-5280-4896-ba34-6f762dd38e30,prole.farm,available,4.98,49.98,medium,low,5,namecheap,,,09/09/2026 03:01
6ec9831c-2cbb-4e9f-a85b-41549197a1ba,feeble.farm,available,13.99,50.99,medium,low,6,name.com,,,13/08/2026 20:30
2a927d4e-a452-42b5-ba3d-ea87d65cc96e,nourishment.farm,available,4.34,31.25,high,low,11,spaceship,,,30/09/2026 22:35
2853e133-38d1-4df3-8b80-29b29568ff31,avahi.farm,available,15.99,38.99,medium,low,5,namesilo,,,21/09/2026 08:36
5f837578-d57e-4b74-8a81-887d30944c3e,warrior.farm,available,4.98,49.98,high,low,7,namecheap,,,27/09/2026 05:52
ad74dcb9-c834-4b11-93a2-fff62dcf24f5,fertilization.farm,available,15.99,38.99,medium,low,13,namesilo,,,02/10/2026 11:15
d98e28cf-12c5-45aa-8dd1-f9ff07eef767,birken.farm,available,4.98,49.98,medium,low,6,namecheap,,,10/08/2026 06:03
d8a1109d-4d98-4e73-9138-16f756c5e529,bestseller.farm,available,15.99,38.99,high,low,10,namesilo,,,23/09/2026 10:31
1e3da1f3-fc56-4e4b-8b80-56595685d5ab,volkswagen.farm,available,15.99,38.99,high,low,10,namesilo,,,02/10/2026 01:37
8c69952f-f3cc-4756-80d0-98c7c4bd5539,manassas.farm,available,4.98,49.98,medium,low,8,namecheap,,,29/09/2026 22:10
70796d07-85aa-4a6e-b9c2-475453723cb1,congruous.farm,available,4.98,49.98,medium,low,9,namecheap,,,12/08/2026 21:56
e5534e67-eee5-437d-991a-cf7a89f2a276,antonia.farm,available,15.99,38.99,medium,low,7,namesilo,,,28/09/2026 16:29
ce26c335-aeb7-4e2f-9b0c-219e9bceb470,ungentle.farm,available,4.98,49.98,medium,low,8,namecheap,,,12/09/2026 11:11
7073faab-c1b2-4189-a709-67ef7f8a37af,trans.farm,resell,,,high,low,5,,,,30/09/2026 03:32
c597b6e3-7251-40be-8945-866f9d572bcc,democrat.farm,available,15.99,38.99,high,low,8,namesilo,,,29/09/2026 13:56
f20552a6-188b-421d-bcad-f19c8811b071,rile.farm,available,15.99,38.99,medium,low,4,namesilo,,,29/09/2026 14:40
305fe87d-5c76-4a9c-b176-a87e655ee9e9,healthily.farm,available,4.98,49.98,medium,low,9,namecheap,,,14/09/2026 23:15
ea63d117-40d4-4245-b437-314905e4eb66,attendant.farm,available,15.99,38.99,high,low,9,namesilo,,,21/09/2026 15:40
ceea7e7d-b77a-470f-bdde-b60ebbd56117,transient.farm,available,15.99,38.99,high,low,9,namesilo,,,24/09/2026 14:26
1efa58b9-8a1d-48c6-a7d4-a63ed2322b97,rectified.farm,available,4.98,49.98,medium,low,9,namecheap,,,09/09/2026 11:55
71e72543-00c9-411f-a085-a5e58d46f101,courtship.farm,available,7.71,32.21,high,low,9,dynadot,,,29/09/2026 18:31
b9686531-d474-49ed-93f0-508998a48949,sls.farm,available,15.99,38.99,high,low,3,namesilo,,,30/09/2026 18:39
d9ac5de2-1a4b-4ba3-bc3e-9fde070ea5cd,declarer.farm,available,15.99,38.99,medium,low,8,namesilo,,,17/09/2026 14:33
b76cac52-11e3-497c-86e9-f1835f41e6ba,gail.farm,available,30.2,30.2,high,low,4,cloudflare,,,02/10/2026 10:01
154e55bd-03d4-4cf4-92b7-78c5e67ba087,anemometer.farm,available,15.99,38.99,medium,low,10,namesilo,,,19/09/2026 05:15
f7bc0647-75a1-4fc7-8e29-7d80b1c537c6,granular.farm,available,4.98,49.98,medium,low,8,namecheap,,,12/08/2026 06:52
f6cc7cd2-0ff5-4861-ad15-781e7cfbbb22,punkey.farm,available,15.99,38.99,medium,low,6,namesilo,,,23/09/2026 22:34
f7490d59-af6a-49ec-95ab-4b735732deea,wrought.farm,available,4.98,49.98,medium,low,7,namecheap,,,25/08/2026 03:48
dc154bba-3049-46a2-a6b6-b940560973f7,eskimo.farm,available,7.72,31.41,high,low,6,porkbun,,,30/09/2026 09:35
552efce6-c568-4345-9ad5-fc376620227d,continuum.farm,available,4.34,31.25,high,low,9,spaceship,,,01/10/2026 01:33
ee0c0676-d0a4-4ba4-ada5-3b116e3c7f87,conserve.farm,available,15.99,38.99,high,low,8,namesilo,,,24/09/2026 17:27
51bdbfad-3a19-47dc-b884-31932d5bba3e,wasnt.farm,available,15.99,38.99,low,low,5,namesilo,,,02/10/2026 04:19
f74e6938-f702-46d9-983f-acfeec2bf6d7,drums.farm,available,15.99,38.99,medium,low,5,namesilo,,,18/09/2026 11:40
7d8cc9f3-b083-4387-bc50-8b119315c77f,approaches.farm,available,7.71,32.21,high,low,10,dynadot,,,01/10/2026 16:38
a456e147-3cbe-46e9-87cc-2371606b076b,caged.farm,available,15,,medium,low,5,unstoppable,,,02/10/2026 04:01
831ce8d3-9569-4aeb-bc1d-b6d72b08f82c,trinity.farm,resell,13.99,50.99,high,medium,7,"Spaceship, Inc.",23/02/2026 08:03,23/02/2027 08:03,26/09/2026 09:46
15ad3599-658a-4516-9d70-69d62063113c,estado.farm,available,7.71,32.21,high,low,6,dynadot,,,01/10/2026 00:20
780ea37b-f91e-42a2-acb2-acce159d328f,haphazard.farm,available,4.98,49.98,medium,low,9,namecheap,,,20/08/2026 23:46
592f2cb7-3cc3-4253-a586-f7870d5ad7bc,omani.farm,available,4.98,49.98,high,low,5,namecheap,,,04/09/2026 02:24
fb9c04ee-e2fb-44c1-8896-5724921caf76,elector.farm,available,30.2,30.2,medium,low,7,cloudflare,,,28/09/2026 19:03
bc745e46-545c-44cb-a39f-07bae5a279bb,applecart.farm,available,4.98,49.98,medium,low,9,namecheap,,,19/09/2026 21:32
0b38a697-ff9d-4c88-9f52-1d2de3a817ae,enabled.farm,available,30.2,30.2,high,low,7,cloudflare,,,30/09/2026 19:35
c1c832d8-38c9-4944-83b9-01cb15ff0642,nicky.farm,available,15.99,38.99,high,low,5,namesilo,,,02/10/2026 09:58
c5188816-3f14-4d20-aab9-47da397fe916,alerting.farm,available,15.99,38.99,high,low,8,namesilo,,,18/09/2026 05:27
b9d9429c-0fa4-4552-a0d5-f09425ed08e4,tuscan.farm,available,4.98,49.98,high,low,6,namecheap,,,11/09/2026 21:27
d4942d3c-e543-4617-8845-c5a3d2732655,logically.farm,available,4.98,49.98,high,low,9,namecheap,,,15/09/2026 12:41
bd113a7f-55ce-4c59-b513-ec9d288c7bfd,climbable.farm,available,4.98,49.98,medium,low,9,namecheap,,,07/08/2026 00:10
8f105313-8094-4e70-a94a-7ce5a35f0f7a,clocked.farm,available,15.99,38.99,high,low,7,namesilo,,,02/10/2026 07:26
892881e5-dae6-4a7a-8b60-362e970aa66a,youthful.farm,available,4.98,49.98,high,low,8,namecheap,,,13/09/2026 04:18
7ce61f6b-20ea-4fb8-9f66-c2b73996d883,warns.farm,available,30.2,30.2,low,low,5,cloudflare,,,02/10/2026 23:30
d27de28c-31fe-4727-a154-1c47ba405766,debra.farm,available,7.71,32.21,medium,low,5,dynadot,,,28/09/2026 16:29
dac1fdec-4356-43c4-8b7d-fa843de2cca6,attempts.farm,available,15.99,38.99,medium,low,8,namesilo,,,18/09/2026 16:41
6c06fce2-ff0f-4180-b9b9-6e00e7c14b39,selectively.farm,available,15.99,38.99,medium,low,11,namesilo,,,03/10/2026 03:28
e41058e5-076b-4c32-a4a4-034d97139d78,satisfaction.farm,available,4.98,49.98,high,low,12,namecheap,,,28/09/2026 04:23
65e94fac-b5d9-425a-a505-02dbb60979f6,intuition.farm,available,30.2,30.2,high,low,9,cloudflare,,,28/09/2026 19:28
d0b0a05b-5f53-4748-9cc8-069e1577c750,gnomish.farm,available,4.98,49.98,medium,low,7,namecheap,,,20/08/2026 15:45
f1bf398d-f601-49e1-abc8-c3a5591d0392,dorm.farm,available,13.99,50.99,high,low,4,name.com,,,24/09/2026 23:35
387f0470-c15e-400d-ab9f-df5a6c1aaa4a,sensationally.farm,available,30.2,30.2,medium,low,13,cloudflare,,,02/10/2026 00:06
83ab6fd9-c156-4820-bf14-a583024be067,marjorie.farm,available,4.98,49.98,medium,low,8,namecheap,,,29/09/2026 04:00
255a0ef2-df9b-401c-b379-c05336d32c2d,dealers.farm,available,4.34,31.25,medium,low,7,spaceship,,,28/09/2026 09:08
1ee6d47e-6107-4cfb-a3e0-b76eaa960efd,frankish.farm,available,4.98,49.98,medium,low,8,namecheap,,,18/08/2026 14:14
8fc67cec-0064-439e-a0b4-755c03a3391a,amazona.farm,available,15.99,38.99,medium,low,7,namesilo,,,18/09/2026 16:23
d1cf924a-4190-4a5c-86c8-508601447833,tempered.farm,available,4.98,49.98,high,low,8,namecheap,,,11/09/2026 10:50
29a2bbb2-b227-449c-a8ed-1687f18a33cb,horsefish.farm,available,4.98,49.98,medium,low,9,namecheap,,,20/09/2026 21:39
0575dba9-4d2c-41ec-823e-f1372b40797d,jeremiah.farm,available,15.99,38.99,high,low,8,namesilo,,,24/09/2026 06:54
e5dfc0bc-5b15-435a-b884-9e6f58b43708,varied.farm,available,15.99,38.99,medium,low,6,namesilo,,,28/09/2026 10:09
4a1e1d0d-9a86-49dc-8295-a177bd6f877c,invisibly.farm,available,4.98,49.98,medium,low,9,namecheap,,,15/09/2026 09:10
8a9d3fe2-c4d9-44d1-981b-bc862c7026dd,provide.farm,available,30.2,30.2,high,low,7,cloudflare,,,30/09/2026 07:04
37cfd700-f4a0-4e7a-929e-372530315bf3,maxim.farm,available,15.99,38.99,high,low,5,namesilo,,,28/09/2026 23:52
2a4ac6d9-dfee-4ef6-8455-4fcdeb654da3,stocky.farm,available,4.98,49.98,medium,low,6,namecheap,,,21/08/2026 05:33
6cdf4b28-3780-4064-8071-67183eab5064,vaporized.farm,available,4.98,49.98,medium,low,9,namecheap,,,18/08/2026 20:28
ee4a24ce-9b3d-467c-b1ef-83053986a3e4,mystify.farm,available,4.98,49.98,high,low,7,namecheap,,,21/09/2026 17:29
22b3b4d4-5504-4617-b839-44827ccf5e26,proofed.farm,available,4.98,49.98,medium,low,7,namecheap,,,09/09/2026 03:24
692f3cca-0812-4c77-b2e8-f5ca2dac9b3d,castleton.farm,available,30.2,30.2,medium,low,9,cloudflare,,,02/10/2026 20:54
aae1f08f-36bf-4bef-8774-41e4aade3b95,tellurium.farm,available,15.99,38.99,medium,low,9,namesilo,,,20/09/2026 23:13
4d4a5814-0f0b-40f2-83c8-1081dfb0d7b1,biff.farm,available,15.99,38.99,medium,low,4,namesilo,,,23/09/2026 13:51
e2461ffc-adc3-4528-a107-57647f721b2a,hispania.farm,available,15,,medium,low,8,unstoppable,,,02/10/2026 08:22
b8550ed6-f0f5-4202-a182-8742999e6717,mugwump.farm,available,4.98,49.98,medium,low,7,namecheap,,,22/08/2026 02:43
feb4beb9-35d1-4bfa-9198-b1ace36a72af,prospect.farm,resell,,,high,low,8,,,,28/09/2026 14:06
b7946ce0-854a-4755-b113-0b4b86dcc01d,alimentary.farm,available,4.98,49.98,medium,low,10,namecheap,,,
77b18d76-3771-42da-92fd-96862b0b3f5b,harbour.farm,available,30.2,30.2,high,low,7,cloudflare,,,29/09/2026 01:13
4f90d41c-5d4c-4a75-80b5-3b1dba5dabb1,molotov.farm,available,4.34,31.25,high,low,7,spaceship,,,29/09/2026 13:28
ca5d21bc-d707-442f-ae57-fb20705c0ef9,augean.farm,available,4.98,49.98,medium,low,6,namecheap,,,07/08/2026 16:54
aa561cbc-3c3b-455d-9933-2f6e215b40ae,stanislav.farm,available,15,,medium,low,9,unstoppable,,,03/10/2026 04:49
063941d6-130f-4496-8c8a-8e85d3cc0945,throttle.farm,available,15.99,38.99,high,low,8,namesilo,,,16/09/2026 21:47
bf163883-2119-4524-b519-2d766925b27f,lie.farm,available,15.99,38.99,high,low,3,namesilo,,,30/09/2026 02:51
8fb95702-7cdb-4ced-9f3f-ec27add79fa7,ascendency.farm,available,13.99,50.99,high,low,10,name.com,,,20/09/2026 13:06
50fbd207-3f17-4783-8d46-52de3685a920,genotype.farm,available,15,,high,low,8,unstoppable,,,01/10/2026 19:43
4fbe76e3-2a4f-4632-9249-0aa17afad16a,instructors.farm,available,15.99,38.99,medium,low,11,namesilo,,,01/10/2026 01:00
b92f361c-3fea-471e-9df2-2c8b76c5f8ed,darnel.farm,available,4.98,49.98,high,low,6,namecheap,,,22/09/2026 21:10
5dd7c5f9-478f-4cb0-938b-e3e2789fd8fb,anatomist.farm,available,4.98,49.98,medium,low,9,namecheap,,,19/09/2026 03:32
7d7aa7ff-9f9a-4edf-a3c8-bfdfcfceb636,fastest.farm,available,4.98,49.98,high,low,7,namecheap,,,14/09/2026 17:49
d3b1f5b1-3f0d-4ba7-b65b-0a98f2818e93,intune.farm,available,15.99,38.99,high,low,7,namesilo,,,17/09/2026 12:54
5d9a2af1-f5c9-4e8f-890b-c471f79aeb2b,inflamed.farm,available,4.98,49.98,medium,low,8,namecheap,,,22/08/2026 04:27
cd61ec57-34f3-4f26-b6d3-c7b53c503b90,yosef.farm,available,15,,medium,low,5,unstoppable,,,30/09/2026 22:02
943b135b-349f-440b-b74e-6fa5e015683e,unpleasant.farm,available,4.98,49.98,medium,low,10,namecheap,,,12/09/2026 16:58
42189c86-29d0-474d-8ce7-21d795c6fc0c,connect.farm,resell,,,high,medium,7,"Global Domains International, Inc. DBA DomainCostClub.com",29/11/2022 09:54,29/11/2026 09:54,02/10/2026 11:00
e0aa7813-1118-41ac-b5f3-37a97453412c,salamanca.farm,available,7.71,32.21,medium,low,9,dynadot,,,28/09/2026 16:27
7393ed14-36f6-4bf1-b272-c70138ae24b9,reeves.farm,available,7.72,31.41,high,low,6,porkbun,,,29/09/2026 09:55
98aa731c-d500-43d5-ac34-7bab3c8a456c,clermont.farm,available,15.99,38.99,medium,low,8,namesilo,,,28/09/2026 22:20
6fe34690-e0bf-4506-a63f-cf210521788d,tameable.farm,available,4.98,49.98,medium,low,8,namecheap,,,11/09/2026 07:38
e761f516-96ec-433c-8011-a89e0b33d7d0,earrings.farm,available,4.34,31.25,medium,low,8,spaceship,,,30/09/2026 00:39
e26d061d-b5e4-4f60-9389-85bdf7e5ed0e,hindu.farm,available,4.98,49.98,high,low,5,namecheap,,,21/08/2026 09:30
6fd51103-47c1-41db-b664-3e837f111867,marathon.farm,available,15.99,38.99,high,low,8,namesilo,,,22/09/2026 15:29
b738944f-d276-4684-a9c9-04139a86ce55,boulevard.farm,available,7.71,32.21,medium,low,9,dynadot,,,28/09/2026 18:27
7eebe41c-680f-4f2d-aba7-d75eb14897ec,freehand.farm,available,4.98,49.98,high,low,8,namecheap,,,18/08/2026 14:55
63440c5a-f6c2-4f57-9ac4-683c1a1b5b1a,alluvion.farm,available,15.99,38.99,medium,low,8,namesilo,,,18/09/2026 12:21
7acad164-480a-4558-ae5a-f330df8776d1,czechoslovak.farm,available,15.99,38.99,medium,low,12,namesilo,,,26/09/2026 03:18
7be0e317-d323-4cd4-bda5-a6b68ade2944,cumulate.farm,available,4.98,49.98,high,low,8,namecheap,,,12/08/2026 21:52
ea6f8729-656e-484a-bb3f-5616df86f758,asceticism.farm,available,15.99,38.99,medium,low,10,namesilo,,,20/09/2026 13:08
622f6e65-44b5-417f-9780-97e34f583d51,derisory.farm,available,4.98,49.98,medium,low,8,namecheap,,,14/08/2026 02:56
1f1b8373-22b8-45c4-a1ec-a091397f289b,holborn.farm,available,15.99,38.99,medium,low,7,namesilo,,,02/10/2026 00:45
6f8c14df-08ff-47d1-a84a-ca12531027db,talkative.farm,available,4.98,49.98,high,low,9,namecheap,,,09/08/2026 21:05
71643052-1c45-491e-98cd-451a25ab95b8,flaky.farm,available,4.98,49.98,high,low,5,namecheap,,,10/08/2026 10:06
8f4d2b82-9749-4f24-8ed7-2b0e83f3891a,momently.farm,available,4.98,49.98,medium,low,8,namecheap,,,15/09/2026 15:21
82983f62-e532-4c39-bc97-bbae9989d93f,detained.farm,available,4.34,31.25,low,low,8,spaceship,,,29/09/2026 05:25
fb1f7c72-fcf9-4d87-a0a4-3628384363f2,unsullied.farm,available,4.98,49.98,high,low,9,namecheap,,,10/09/2026 18:19
99dd0053-0919-4eb4-abb6-3a0f2c65a6a7,intragroup.farm,available,4.98,49.98,medium,low,10,namecheap,,,22/08/2026 08:41
203f1ef7-c178-43be-ba2a-249f9f33ff0f,honegger.farm,available,15.99,38.99,high,low,8,namesilo,,,20/09/2026 10:55
2055a26f-1aec-42fc-9800-db8f118eff2a,thurber.farm,available,15.99,38.99,medium,low,7,namesilo,,,03/10/2026 01:21
c604d7a9-b723-46b8-9452-89d0f59d175d,davenport.farm,available,7.71,32.21,high,low,9,dynadot,,,01/10/2026 19:12
e64c9dcd-6648-4a05-bd22-2c540178aea6,plantation.farm,available,15,,high,low,10,unstoppable,,,28/09/2026 06:31
0de92cba-9325-4662-a3e9-ed0d9dae180b,wary.farm,available,4.98,49.98,medium,low,4,namecheap,,,22/08/2026 22:32
a7bc537b-680b-4a71-9506-165992ef6665,alternatively.farm,available,15.99,38.99,medium,low,13,namesilo,,,16/09/2026 12:44
01d5156d-7243-49f7-b348-0964e6ce8e82,disfigure.farm,available,15.99,38.99,medium,low,9,namesilo,,,24/09/2026 05:36
8d7ecef8-f2e2-4525-9139-071386721c46,slr.farm,available,7.72,31.41,high,low,3,porkbun,,,02/10/2026 02:08
2763df26-c327-4a2a-af53-7bcef7492578,caligula.farm,available,30.2,30.2,high,low,8,cloudflare,,,02/10/2026 04:13
0d62e6d6-8f1e-485b-bafa-331cd48b724f,fenway.farm,available,15.99,38.99,medium,low,6,namesilo,,,02/10/2026 09:42
71d0c272-d3e8-4059-bc7a-2cee68934acf,solicit.farm,available,4.34,31.25,high,low,7,spaceship,,,27/09/2026 16:11
f3fd24f6-e292-4256-8e08-4d456349b024,irritable.farm,available,15.99,38.99,medium,low,9,namesilo,,,25/09/2026 11:30
03c7a9b4-7491-4f07-a8ae-15109c5cbe3b,landlords.farm,available,15,,medium,low,9,unstoppable,,,02/10/2026 23:18
20add041-c748-44f6-bb1c-83ea0d4e45d5,samuelson.farm,available,15.99,38.99,medium,low,9,namesilo,,,01/10/2026 08:08
de949d5c-8349-4858-9314-32f18b48c0bc,prettily.farm,available,4.98,49.98,medium,low,8,namecheap,,,15/09/2026 21:22
e83a1820-1b63-4241-b624-7cc7c968e361,tenner.farm,available,15.99,38.99,medium,low,6,namesilo,,,21/09/2026 10:53
b837a5a8-fed9-430a-bc60-7462c7cd1ff4,lecturer.farm,available,15,,high,low,8,unstoppable,,,30/09/2026 10:24
83541656-4add-435e-b38e-2a039218765b,songster.farm,available,15.99,38.99,medium,low,8,namesilo,,,21/09/2026 22:38
9d99179b-88fa-45c1-9165-449bf454564b,marissa.farm,available,4.98,49.98,high,low,7,namecheap,,,02/10/2026 19:27
c12ac7dc-3413-49a4-9e0a-5faeb3d35c31,resembles.farm,available,4.34,31.25,medium,low,9,spaceship,,,30/09/2026 07:07
616c0b21-aa0f-419f-86ba-c4a7f6f819b8,rails.farm,available,15,,high,low,5,unstoppable,,,30/09/2026 02:39
4d8440bb-5cfb-44fb-8b60-eda6dec01588,lanes.farm,available,4.98,49.98,medium,low,5,namecheap,,,29/09/2026 10:32
ec87cbbf-94f8-47ce-ade4-87c96d64ade4,lutecium.farm,available,15.99,38.99,medium,low,8,namesilo,,,20/09/2026 23:39
7981e23b-0ad6-43c7-945f-e9d15e912d26,alcahest.farm,available,4.98,49.98,medium,low,8,namecheap,,,18/09/2026 03:43
73b02229-14dd-4326-b912-deb344d41e34,emperors.farm,available,30.2,30.2,medium,low,8,cloudflare,,,02/10/2026 03:23
531bb576-085a-442a-ac87-ecb67c6d7b82,desks.farm,available,15.99,38.99,medium,low,5,namesilo,,,02/10/2026 14:00
208b6681-ae9b-4012-9a53-f13508923c31,needed.farm,available,4.98,49.98,high,low,6,namecheap,,,03/09/2026 14:49
f89c75f2-09b2-49d8-8035-c465e0c94462,billionaire.farm,available,4.34,31.25,high,low,11,spaceship,,,30/09/2026 03:33
4743a6ef-5d95-4ec9-94c6-26fc0d1698d8,alnus.farm,available,15.99,38.99,medium,low,5,namesilo,,,18/09/2026 12:53
3efec8c2-276e-42e9-b2cd-2b291d05839e,delphic.farm,available,4.98,49.98,medium,low,7,namecheap,,,14/08/2026 00:46
33c1690f-1eb8-4a5c-893c-f7d3ba19d795,doughnuts.farm,available,30.2,30.2,medium,low,9,cloudflare,,,02/10/2026 23:12
e306b288-741c-4c1c-9167-e75470d398bf,cholera.farm,available,15.99,38.99,medium,low,7,namesilo,,,20/09/2026 14:08
5494b6da-4ec0-440d-ad18-55387ec31b75,servo.farm,available,4.98,49.98,high,low,5,namecheap,,,10/09/2026 04:57
78e7f5b3-9d96-47ed-996a-2f4a980adada,disraeli.farm,available,15.99,38.99,medium,low,8,namesilo,,,23/09/2026 08:17
c6629486-0e30-41fa-8956-bd4911962b76,joseph.farm,available,15.99,38.99,high,low,6,namesilo,,,24/09/2026 14:32
892391c6-a3d1-4dde-8230-f08c67615dd8,afterimage.farm,available,15.99,38.99,high,low,10,namesilo,,,17/09/2026 15:42
97b26368-9f68-41f3-9338-1eedc55b2662,shamed.farm,available,4.98,49.98,medium,low,6,namecheap,,,14/08/2026 10:25
5331fae6-943b-45b5-bcb6-ff0ff562f690,humanlike.farm,available,4.98,49.98,medium,low,9,namecheap,,,
45df3a1b-95dd-427b-a63a-69935ae1b0b0,ragi.farm,available,15.99,38.99,medium,low,4,namesilo,,,17/09/2026 15:16
a6055ff6-a1ac-4543-ae7f-896c325c63c8,suddenly.farm,available,13.99,50.99,medium,low,8,name.com,,,13/08/2026 19:19
bf529b00-001b-4d9e-a653-e2038559c4b9,bpi.farm,available,15.99,38.99,high,low,3,namesilo,,,23/09/2026 22:46
a8312319-8965-4d50-96e7-803b6b918e4e,tumid.farm,available,4.98,49.98,medium,low,5,namecheap,,,10/08/2026 18:05
02d37f13-a645-4fcb-8a72-80fe04d4ab2a,kelso.farm,available,15,,medium,low,5,unstoppable,,,29/09/2026 22:10
f7468030-c22c-4e04-b604-d9be99aa5715,unhearing.farm,available,13.99,50.99,medium,low,9,name.com,,,13/08/2026 19:50
b8fc3c20-e71a-4258-b0ce-dfc73669fde1,notional.farm,available,4.98,49.98,high,low,8,namecheap,,,12/08/2026 20:01
d99ddf32-813d-4e2b-9331-034908701c57,tired.farm,available,15.99,38.99,medium,low,5,namesilo,,,22/09/2026 16:41
200fe904-117a-4fad-85e4-43da520ede8f,deepening.farm,available,4.98,49.98,medium,low,9,namecheap,,,13/08/2026 23:00
bcb75a84-a566-4ecd-a177-09c024d92ede,nobelium.farm,available,15.99,38.99,medium,low,8,namesilo,,,20/09/2026 21:58
3e1bda55-2359-4185-a567-550bdf3e2759,scooter.farm,available,7.71,32.21,high,low,7,dynadot,,,30/09/2026 01:57
a60b0b03-5715-4526-9912-462366ead9f0,pasternak.farm,available,4.98,49.98,medium,low,9,namecheap,,,02/10/2026 23:39
9764a299-6063-493d-a607-d10b4ae4f3c8,unrest.farm,available,15.99,38.99,high,low,6,namesilo,,,30/09/2026 01:36
3560d7d9-7490-44a0-bdeb-16114b77b9e5,paintpot.farm,available,13.99,,medium,low,9,name.com,,,
870a978d-68c2-453d-9876-9ec1d4f9795b,roos.farm,available,4.98,49.98,high,low,4,namecheap,,,29/09/2026 21:40
d4db245d-67a8-4ccf-8df5-ea6d644e870d,unstated.farm,available,4.98,49.98,medium,low,8,namecheap,,,12/09/2026 09:45
c394e604-be33-4423-bed7-29e62003cf68,sublimed.farm,available,4.98,49.98,medium,low,8,namecheap,,,11/09/2026 00:03
b7294156-3f7b-44e0-8e37-6cb79d8c8b5e,umayyad.farm,available,4.34,31.25,high,low,7,spaceship,,,30/09/2026 18:14
c77eb90c-3e14-43df-bfa0-50cc81868648,dive.farm,resell,,,high,low,4,"Spaceship, Inc.",23/02/2026 08:03,23/02/2027 08:03,29/09/2026 16:23
df6314fb-4ff4-46cd-86a1-ef1eb112bf16,testicular.farm,available,4.98,49.98,medium,low,10,namecheap,,,11/09/2026 12:06
5cd7cbb4-3fcd-41e6-901e-5949498740ca,shea.farm,available,4.98,49.98,high,low,4,namecheap,,,29/09/2026 22:15
ca7692b4-838c-45c1-bcd9-f82eaebb69f4,nonpolar.farm,available,4.98,49.98,medium,low,8,namecheap,,,03/09/2026 20:17
d9915fa2-12e5-4f60-96fd-10630c83c37c,dispose.farm,available,15.99,38.99,high,low,7,namesilo,,,29/09/2026 15:24
5c184c6e-7c17-4c13-aee3-81a6de262ac7,epilepsy.farm,available,15,,medium,low,8,unstoppable,,,30/09/2026 01:32
65719467-b4ae-413b-bb5f-8af5b112fa30,swimwear.farm,available,15.99,38.99,high,low,8,namesilo,,,22/09/2026 13:39
353cd9a9-cb6b-4c2e-8c4b-6e921bffd86b,xxxi.farm,available,4.98,49.98,medium,low,4,namecheap,,,
c6a1b543-2f8b-4fa5-a68c-c94d3d1ef54a,adorno.farm,available,4.34,31.25,medium,low,6,spaceship,,,01/10/2026 06:08
0df10cc7-3613-4238-9b8c-1fcc85a64ee4,debacle.farm,available,4.98,49.98,medium,low,7,namecheap,,,13/09/2026 07:56
0fdd8e06-5d9d-444d-ab5a-d7fad69aa60d,tramontane.farm,available,4.98,49.98,medium,low,10,namecheap,,,11/09/2026 18:48
fb23c284-58fc-4628-86c1-ac8d187770c0,arouse.farm,available,4.98,49.98,high,low,6,namecheap,,,07/08/2026 23:59
120a6405-8558-4011-9748-e086f412edba,trilogy.farm,available,15.99,38.99,high,low,7,namesilo,,,30/09/2026 03:04
f024945a-719f-4881-9fca-fb084b49d5dc,forgery.farm,available,4.98,49.98,medium,low,7,namecheap,,,13/08/2026 03:36
1b848e7f-6858-453f-b880-0fd0de31e921,prodromic.farm,available,4.98,49.98,medium,low,9,namecheap,,,09/09/2026 02:46
9ae14424-ebe3-4aba-a6a1-533a6e256ea0,paltry.farm,available,4.98,49.98,medium,low,6,namecheap,,,24/08/2026 18:25
f45073e7-c257-4763-bab2-9923e0edf0c9,polygons.farm,available,30.2,30.2,medium,low,8,cloudflare,,,29/09/2026 17:57
7bd39fbc-0702-40c3-acc5-6a98c2a0914b,experimentally.farm,available,13.99,,medium,low,14,name.com,,,
0590bf26-4e60-4d19-88e4-6a076f123fda,limitations.farm,available,15.99,38.99,medium,low,11,namesilo,,,29/09/2026 10:21
c82d16a7-1116-4427-8fd9-0a1fe8f14207,vantage.farm,available,15.99,38.99,high,medium,7,namesilo,,,17/09/2026 10:29
e7d3be79-f353-4e09-a79a-4c0c7336cec0,teenaged.farm,available,4.98,49.98,medium,low,8,namecheap,,,19/09/2026 04:34
1f8ff9d8-38fa-462f-a21c-3c76103da6bc,defiled.farm,available,4.98,49.98,medium,low,7,namecheap,,,13/08/2026 23:24
9abeae9a-c1a7-4cdd-beff-f644cf5dcbfe,sleeved.farm,available,4.98,49.98,medium,low,7,namecheap,,,10/09/2026 10:43
c7dfd8d4-8c65-4ca3-9b56-7a030140a9fa,androgen.farm,available,15.99,38.99,medium,low,8,namesilo,,,19/09/2026 04:53
a66d6301-6f33-4d03-934a-5921f631dd5b,vanished.farm,available,4.98,49.98,medium,low,8,namecheap,,,13/09/2026 01:09
ffab3608-7716-464a-9273-2014e8e6e7bb,forwarding.farm,available,4.98,49.98,high,low,10,namecheap,,,30/09/2026 09:44
00d46c1c-7b9b-4b52-a729-606c0903bc1a,lenore.farm,available,15.99,38.99,medium,low,6,namesilo,,,02/10/2026 09:08
866bc8c8-dcf7-4a00-9611-6eae68b6371d,zagreb.farm,available,4.34,31.25,high,low,6,spaceship,,,28/09/2026 06:54
9c7915aa-914c-4443-bb0c-bb370768a674,dust.farm,available,4.98,49.98,high,low,4,namecheap,,,24/09/2026 21:05
577eceb4-169c-47b7-abda-984354d69029,autarkic.farm,available,4.98,49.98,medium,low,8,namecheap,,,07/08/2026 18:47
89211de1-7d15-4bd0-a110-e6f0b2ec095f,lemuel.farm,available,15.99,38.99,medium,low,6,namesilo,,,01/10/2026 09:21
b888553e-be20-42dd-94f7-bb3fe7efa036,zealot.farm,available,4.98,49.98,medium,low,6,namecheap,,,08/09/2026 02:10
8cb34e9c-7880-4468-8190-a7f2951c6aa5,hiroshima.farm,available,15,,high,low,9,unstoppable,,,30/09/2026 10:08
62461a74-a588-489e-a4ac-086668a33532,helicopters.farm,available,4.34,31.25,low,low,11,spaceship,,,28/09/2026 18:00
1fa61f29-b6cd-4506-b7f5-90320e6973e5,dogtooth.farm,available,4.98,49.98,medium,low,8,namecheap,,,11/08/2026 17:01
e8ff8fee-3184-448b-90ad-f041739ed530,beignet.farm,available,15.99,38.99,medium,low,7,namesilo,,,23/09/2026 04:07
fddf35a1-460d-40f9-a334-e6ffc31fbdd5,annotator.farm,available,15.99,38.99,medium,low,9,namesilo,,,19/09/2026 10:48
9060e622-e07d-4c98-a0ca-faea07d98ba2,larghetto.farm,available,4.98,49.98,medium,low,9,namecheap,,,22/08/2026 19:57
75c1b415-6e79-496f-bea0-cc92cec56a7e,gallows.farm,available,4.34,31.25,medium,low,7,spaceship,,,30/09/2026 09:52
a2feb166-8eda-4708-a184-ee0b08f16a0e,beaches.farm,available,4.98,49.98,high,low,7,namecheap,,,20/09/2026 07:25
1d374710-5b42-429d-b558-3cfcbce546eb,brockton.farm,premium,54.36,108.6,medium,low,8,porkbun,,,30/09/2026 14:00
ff896a8b-65b1-4bee-84d2-2b97b45730dc,surd.farm,available,4.98,49.98,medium,low,4,namecheap,,,11/09/2026 03:41
d2b9ba14-d47e-45c8-baa9-17dfd5a1d99b,contributes.farm,available,7.72,31.41,medium,low,11,porkbun,,,02/10/2026 21:06
e27cf868-6844-4bdd-9cf5-8852a8666d42,jammed.farm,available,4.98,49.98,medium,low,6,namecheap,,,22/08/2026 12:07
fe340961-554b-42c8-8cc8-a2653215dc96,enamel.farm,available,30.2,30.2,high,low,6,cloudflare,,,01/10/2026 19:28
ae9a3967-c61e-4b45-ac99-927e6ef427a2,motion.farm,resell,,,high,medium,6,"Global Domains International, Inc. DBA DomainCostClub.com",22/02/2022 16:28,22/02/2027 16:28,28/09/2026 21:51
d7c97f09-a373-4b2c-aafe-b44356bd30e2,hydraulic.farm,available,4.98,49.98,high,low,9,namecheap,,,21/08/2026 16:17
577d4f51-6a3e-46eb-b0e3-9d09c920a4dd,scrimpy.farm,available,4.98,49.98,medium,low,7,namecheap,,,24/08/2026 18:10
dc9f2243-4c0b-4c49-bafe-1d2f3bc6117b,complainer.farm,available,15.99,38.99,medium,low,10,namesilo,,,23/09/2026 06:45
5838b053-49cd-4f8e-926f-4ff47a4f8bf2,summerset.farm,available,4.98,49.98,medium,low,9,namecheap,,,18/08/2026 08:29
edd2a187-b120-4204-abe5-1eaf3e1551e0,ranted.farm,available,15.99,38.99,low,low,6,namesilo,,,20/09/2026 16:55
34c3a972-3463-4f0f-bf25-aeb2c0594812,superstition.farm,available,15.99,38.99,medium,low,12,namesilo,,,30/09/2026 14:14
a9a4ae42-b45f-4150-b024-8d82a60e3b7d,waiter.farm,available,4.34,31.25,high,low,6,spaceship,,,30/09/2026 10:59
8ae49364-ceea-4cc9-ac5a-6155b07af7db,immune.farm,available,4.98,49.98,high,low,6,namecheap,,,21/08/2026 21:26
360ebc25-632c-44a9-915c-b215bfe9465a,chevron.farm,available,15.99,38.99,high,low,7,namesilo,,,24/09/2026 14:21
c1299bb9-8361-419f-bf50-5ed93c605370,hater.farm,available,30.2,30.2,medium,low,5,cloudflare,,,29/09/2026 22:19
b802396e-32de-439f-879a-e0b28a7ab593,projecting.farm,available,4.98,49.98,high,low,10,namecheap,,,22/08/2026 14:48
c26bddd6-b212-460c-ac84-8ff3c5483d39,backless.farm,available,4.98,49.98,medium,low,8,namecheap,,,08/08/2026 05:48
b3c2590d-33f2-46a6-bc8f-806e2ec7a708,termed.farm,available,15.99,38.99,medium,low,6,namesilo,,,19/09/2026 00:21
f3334226-9549-466d-842f-fc2c633573b3,peralta.farm,available,30.2,30.2,medium,low,7,cloudflare,,,01/10/2026 17:33
dc5a8f55-7aff-4366-89f3-6d585d2e20f5,nascent.farm,available,4.98,49.98,high,low,7,namecheap,,,03/09/2026 13:35
1a8d9cfa-4fdd-4ab1-aeb9-6d9ecf8d3e51,tractive.farm,available,4.98,49.98,medium,low,8,namecheap,,,11/09/2026 18:40
1f3bed54-4216-491d-affe-744dd75aad2d,undulate.farm,available,4.98,49.98,medium,low,8,namecheap,,,12/09/2026 08:33
ae7290ea-1805-4dc9-99af-4053d78ee166,clashing.farm,available,4.98,49.98,medium,low,8,namecheap,,,12/08/2026 09:40
fd54cf0a-8da0-4a6a-9266-14fe559aeeb1,bondable.farm,available,4.98,49.98,medium,low,8,namecheap,,,09/08/2026 23:59
5dd8bc37-a0b9-4341-8cba-9750ca95ba5c,arame.farm,available,15.99,38.99,medium,low,5,namesilo,,,19/09/2026 23:56
2f8e5423-a6eb-4166-a904-f1cfcb3e8136,snare.farm,available,4.34,31.25,high,low,5,spaceship,,,01/10/2026 03:08
49294930-b75c-4ce0-ac88-36426dad4407,cannily.farm,available,4.98,49.98,medium,low,7,namecheap,,,14/09/2026 05:10
c2e31cd8-262c-4656-a73e-608e42fcd035,extrovert.farm,available,4.98,49.98,high,low,9,namecheap,,,17/08/2026 19:27
41e5dbd1-a452-44d9-bfc2-796c18fbff59,ivf.farm,available,15.99,38.99,high,low,3,namesilo,,,02/10/2026 01:26
b2687766-55d3-4731-9e5f-bd0637245dc8,mcginnis.farm,available,4.34,31.25,medium,low,8,spaceship,,,02/10/2026 10:47
6a2810a5-27a7-460b-96e5-4bcb9fb014e0,boasting.farm,available,4.34,31.25,medium,low,8,spaceship,,,02/10/2026 04:07
7826679b-e811-4f46-a985-f2fd5ca107d0,flagrant.farm,available,4.98,49.98,medium,low,8,namecheap,,,15/08/2026 19:50
828a5917-79dc-4268-b54f-a6413ec29f3b,asked.farm,available,4.34,31.25,high,low,5,spaceship,,,01/10/2026 19:00
659036b0-5407-46dd-89ea-bbf10e6b97d0,weathered.farm,available,4.98,49.98,high,low,9,namecheap,,,13/09/2026 09:21
2477a4ea-647c-4fc1-b9a5-f00b7b7144ca,ooh.farm,available,4.34,31.25,high,low,3,spaceship,,,30/09/2026 11:21
0561c648-d6c9-40ed-a2d6-192035c7e9d9,workings.farm,available,30.2,30.2,high,low,8,cloudflare,,,28/09/2026 10:48
00938864-1e50-46bc-bce8-2a0868e511dd,platinum.farm,resell,,,high,low,8,"Spaceship, Inc.",23/02/2026 08:03,23/02/2027 08:03,26/09/2026 08:12
7bec48f9-246d-4e1e-a514-b20d09e7ce32,humankind.farm,available,15.99,38.99,high,low,9,namesilo,,,02/10/2026 05:22
0dc5b064-3896-4fc8-9cf2-26eb550fdc06,cdma.farm,available,30.2,30.2,high,low,4,cloudflare,,,02/10/2026 08:17
42cfea6d-d4d2-4b42-b3aa-b8e4bf523ccc,fourier.farm,available,4.98,49.98,medium,low,7,namecheap,,,22/09/2026 07:13
0723042d-6e15-4760-a24a-a7dc9d742b84,unopened.farm,available,4.98,49.98,medium,low,8,namecheap,,,12/09/2026 16:14
280e7b08-2f10-48b7-8b7d-6f585b8452c4,endogamic.farm,available,4.98,49.98,medium,low,9,namecheap,,,17/08/2026 01:11
b95a15af-7a6d-48fb-b537-ffa2d79ed08a,loughborough.farm,available,4.98,49.98,medium,low,12,namecheap,,,30/09/2026 13:11
81a6ea38-edb8-4275-88f4-f841fcf60ad6,fretted.farm,available,4.98,49.98,medium,low,7,namecheap,,,18/08/2026 15:24
d1fe7262-247f-4e58-bfdf-1b8d40fdb09f,abernathy.farm,available,30.2,30.2,medium,low,9,cloudflare,,,02/10/2026 20:18
0e05af5d-b48b-4ca7-ae8c-0692e10fb28a,sydenham.farm,available,30.2,30.2,medium,low,8,cloudflare,,,30/09/2026 17:11
c9bd783a-6123-4b13-99ce-7ef988c1dc60,miscellaneous.farm,available,4.34,31.25,medium,low,13,spaceship,,,30/09/2026 12:33
041eddba-999f-4b7d-b233-dc0b51679c5e,clients.farm,available,4.34,31.25,high,low,7,spaceship,,,02/10/2026 22:03
126fc93e-43bb-4b51-9286-1679ce0e9203,allmouth.farm,available,15.99,38.99,medium,low,8,namesilo,,,18/09/2026 11:45
316f28f2-6189-4e1a-82ec-3e20b7fba8ed,aristocratic.farm,available,4.34,31.25,medium,low,12,spaceship,,,29/09/2026 20:55
084cfce7-ec1c-4baf-8602-4540967a9254,thatcher.farm,available,15.99,38.99,medium,low,8,namesilo,,,22/09/2026 07:26
36c6ed10-f6e7-4b99-9063-6e0150c934e8,scam.farm,available,4.98,49.98,high,low,4,namecheap,,,14/09/2026 08:03
3ca7628f-fd43-45ae-8398-7e5648e9eb9a,accusation.farm,available,15,,medium,low,10,unstoppable,,,28/09/2026 17:30
9c971248-3d0a-48d6-a7c4-81109113c077,imitator.farm,available,15.99,38.99,medium,low,8,namesilo,,,19/09/2026 16:27
c001ead2-9e39-4ff1-abaa-26df878a25a5,ducky.farm,available,13.99,50.99,high,low,5,name.com,,,13/08/2026 18:23
a25ca8fb-0184-4309-a684-07eaab461d03,watch.farm,resell,,,high,medium,5,"Spaceship, Inc.",23/02/2026 08:03,23/02/2027 08:03,30/09/2026 03:19
29518481-f8bf-4f81-89c4-34a43713ffe3,salary.farm,available,7.71,32.21,high,low,6,dynadot,,,30/09/2026 06:29
86b0865c-22fb-4816-a0b2-a809423694dd,songwriter.farm,available,15.99,38.99,high,low,10,namesilo,,,21/09/2026 22:37
0a008a97-a8f1-4daa-8f34-95af2e6bc2f5,pellet.farm,available,15.99,38.99,high,low,6,namesilo,,,02/10/2026 16:23
80fafd65-7a63-4e2e-bb12-fb1fe4173a41,sellers.farm,available,7.71,32.21,high,low,7,dynadot,,,29/09/2026 13:41
920a5440-81d1-40c5-9abc-0bdd44b1bc6c,balkan.farm,available,15.99,38.99,high,low,6,namesilo,,,21/09/2026 22:14
6b9adcb8-640c-415a-a0fc-529ef1aafff3,courageous.farm,available,15.99,38.99,high,low,10,namesilo,,,23/09/2026 02:25
0497ff3d-1eb0-485f-9452-9967f10d69a2,dentist.farm,available,15,,high,low,7,unstoppable,,,29/09/2026 13:59
8c203684-8f1e-42bb-a47f-2f3fcc81a391,snowed.farm,available,15.99,38.99,medium,low,6,namesilo,,,20/09/2026 16:23
e3d772cb-b222-46a7-abc7-9b235fb1cf7a,macpherson.farm,available,4.34,31.25,medium,low,10,spaceship,,,28/09/2026 22:18
6e7b3880-33df-49f5-8eeb-cfdb4b9f1b4a,intersection.farm,available,7.72,31.41,high,low,12,porkbun,,,30/09/2026 23:46
362c7c9c-2e7f-4731-9e6b-5ead0486aecb,catenulate.farm,available,4.98,49.98,medium,low,10,namecheap,,,11/08/2026 21:32
f7db1d54-62c2-4a64-b29a-811c9bac1e8d,predecessor.farm,available,15,,high,low,11,unstoppable,,,30/09/2026 11:38
8e011a0f-22e9-47cb-89cb-9241ebdbfd8f,shrink.farm,available,8.99,59.99,high,low,6,godaddy,,,28/09/2026 01:56
b543ba0b-01d5-4729-b961-a676d843c8fa,solutions.farm,premium,102.67,102.67,high,low,9,spaceship,,,01/10/2026 03:13
44c4baf7-1485-42a6-a07b-4e2318f83f55,inwards.farm,available,4.98,49.98,high,low,7,namecheap,,,21/08/2026 23:32
c61c55e7-1fec-40cb-9784-8d29f621c106,contacting.farm,available,8.99,59.99,medium,low,10,godaddy,,,01/10/2026 00:49
03bb2130-32ee-4772-bba1-dea2566f96b2,locomote.farm,available,4.98,49.98,medium,low,8,namecheap,,,20/08/2026 15:49
4b16ddd0-358a-4869-a956-33f27f923fa3,nis.farm,available,15,,high,low,3,unstoppable,,,29/09/2026 14:58
a07f7281-b915-4b0a-9648-5d094725daf9,retractile.farm,available,4.98,49.98,medium,low,10,namecheap,,,09/09/2026 15:42
f391f58e-792d-45ba-b6bf-081e2e541a74,petty.farm,available,4.98,49.98,high,low,5,namecheap,,,24/09/2026 17:49
63d9d802-970f-4de1-88e5-b286f5927289,anchors.farm,available,15,,medium,low,7,unstoppable,,,01/10/2026 18:28
f64d3b4f-ed8b-4fd6-8f74-4d461892e611,inducive.farm,available,4.98,49.98,medium,low,8,namecheap,,,22/08/2026 03:31
90279aed-3277-4b4d-99b9-c7ef9d8cbc5f,draws.farm,available,4.98,49.98,high,low,5,namecheap,,,
d9b4db00-d87f-4750-a676-05e277241a48,nickelodeon.farm,available,30.2,30.2,high,low,11,cloudflare,,,01/10/2026 22:22
76e49bf3-da23-4c05-b757-e3b44fbac2ee,shouter.farm,available,15.99,38.99,medium,low,7,namesilo,,,22/09/2026 17:05
5e822ba0-f59d-44df-8512-5f32d7e1819c,mcclain.farm,available,30.2,30.2,medium,low,7,cloudflare,,,30/09/2026 05:35
69db24c4-0d26-43c3-82fa-6945b8535d64,repentant.farm,available,4.98,49.98,medium,low,9,namecheap,,,08/09/2026 14:32
b271692c-29a2-49f9-9946-870948500326,sprung.farm,available,30.2,30.2,high,low,6,cloudflare,,,29/09/2026 14:17
86d4c298-bb44-4d34-bd36-d3dc9f783ee9,eps.farm,available,4.34,31.25,high,low,3,spaceship,,,27/09/2026 19:02
348109b8-1ef5-4f32-b850-4359e7e4c181,impossibility.farm,available,4.34,31.25,medium,low,13,spaceship,,,30/09/2026 23:16
ab82a8dc-df10-434e-b6e2-0de9d54b503d,heavily.farm,available,4.98,49.98,medium,low,7,namecheap,,,21/08/2026 05:28
329ace02-693a-43e0-befb-f407378b99eb,odorous.farm,available,4.98,49.98,medium,low,7,namecheap,,,04/09/2026 00:54
1eedc048-7c01-4988-b73a-7a43e8107ca4,apnea.farm,available,4.98,49.98,medium,low,5,namecheap,,,19/09/2026 18:04
f67eda9e-ddf3-4259-a66a-d58274d385e6,impeachment.farm,available,15,,medium,low,11,unstoppable,,,01/10/2026 13:29
46192fe3-83f1-44ff-8824-3ba7401c5770,merited.farm,available,4.98,49.98,medium,low,7,namecheap,,,14/08/2026 03:22
f374ab67-eed8-4c87-afc8-6c16790bfcab,prepared.farm,available,15.99,38.99,high,low,8,namesilo,,,24/09/2026 11:20
7db51b8f-96fe-44cc-8ce6-b810f91cb76d,clearing.farm,available,15.99,38.99,high,low,8,namesilo,,,24/09/2026 15:28
f7c5cacf-41ee-49d6-a449-5809360654c8,blankly.farm,available,4.98,49.98,medium,low,7,namecheap,,,14/09/2026 00:13
e985889d-d4b3-428e-9a13-0e0e4855de11,logrolling.farm,available,4.98,49.98,medium,low,10,namecheap,,,23/09/2026 20:50
0d794885-217b-4ebe-9f24-afdc7f84a061,masked.farm,available,4.98,49.98,high,low,6,namecheap,,,12/08/2026 11:32
4738b842-5ea0-4677-8ac9-62c1867af741,care.farm,resell,,,high,medium,4,"Global Domains International, Inc. DBA DomainCostClub.com",05/04/2026 15:16,05/04/2027 15:16,26/09/2026 04:46
66f7cb1a-b66c-453d-9d13-bc97c3851fc4,mister.farm,available,30.2,30.2,high,low,6,cloudflare,,,30/09/2026 04:44
35810f25-a83b-4e35-a556-783bf73f5427,leash.farm,available,4.98,49.98,high,low,5,namecheap,,,
4a8fb36e-f8f0-498a-9b32-2030e040f7d8,rhetorical.farm,available,4.98,49.98,high,low,10,namecheap,,,09/09/2026 16:37
584ee973-d7f9-4c27-81ee-98e95f1a4362,absently.farm,available,4.98,49.98,medium,low,8,namecheap,,,13/09/2026 16:41
a4cbcf1c-a651-4e23-850d-765cd87ccde9,unlearned.farm,available,4.98,49.98,medium,low,9,namecheap,,,21/08/2026 18:31
68217fb4-b94d-4f7b-84a0-fb591ee22f23,slight.farm,available,15.99,38.99,high,low,6,namesilo,,,27/09/2026 22:32
2157875e-6cbb-46cc-8850-6541894f63a0,solely.farm,available,4.98,49.98,high,low,6,namecheap,,,
e3722120-5adb-453c-9bba-e55a55f6a1fd,urging.farm,available,15.99,38.99,medium,low,6,namesilo,,,29/09/2026 07:05
e577c0bb-affc-4a23-89a5-fb61c09e1e21,flores.farm,premium,18.3,36.55,high,low,6,porkbun,,,30/09/2026 21:30
b4479bc5-4a00-42ee-add1-0fba62e7b18d,briggs.farm,available,15.99,38.99,high,low,6,namesilo,,,25/09/2026 15:50
aba58f63-0a56-4313-b51a-0348bbef1881,bumpy.farm,available,4.98,49.98,medium,low,5,namecheap,,,11/08/2026 09:48
4dff2d8c-8b3a-4f7c-8c8a-6d57ffb016bc,beard.farm,available,13.99,50.99,high,low,5,name.com,,,22/09/2026 21:01
61ea343b-3617-4685-bd74-9f3ba335e2e9,intestinal.farm,available,4.98,49.98,medium,low,10,namecheap,,,04/09/2026 08:14
6bafb2ea-9b20-4972-bb36-bc0ff4f0d112,gate.farm,resell,,,high,low,4,"Sav.com, LLC - 36",25/04/2026 15:15,25/04/2027 15:15,29/09/2026 20:46
f7290c49-11a7-409a-a047-0aed0373ef3a,milanese.farm,available,4.98,49.98,medium,low,8,namecheap,,,24/08/2026 22:53
5a36999e-789e-48e4-beb8-60607ab64f15,lxxxii.farm,available,4.98,49.98,medium,low,6,namecheap,,,
94776b7d-563a-4b0a-a0cf-1ddbaafe39f5,rauch.farm,available,4.34,31.25,high,low,5,spaceship,,,02/10/2026 08:32
5ae8e059-6aec-4d1e-a18c-ec960197946f,yoshida.farm,available,30.2,30.2,high,low,7,cloudflare,,,29/09/2026 11:11
d4d42ec8-7da0-49be-aa6b-718090cc7bc0,queue.farm,available,4.34,31.25,high,low,5,spaceship,,,01/10/2026 03:23
db7fe764-af67-46ba-b0c2-b905ecec788f,misguided.farm,available,4.98,49.98,medium,low,9,namecheap,,,21/08/2026 18:57
96c25444-298f-4a66-939a-e5e137b617ae,affluence.farm,available,4.34,31.25,high,low,9,spaceship,,,28/09/2026 19:21
0a92fd06-4d3d-4906-9ef3-8f6059c69fba,substances.farm,available,15,,medium,low,10,unstoppable,,,29/09/2026 22:58
4cc34f3f-7592-4a84-9bae-a7b18ce63a50,appreciated.farm,available,15.99,38.99,high,low,11,namesilo,,,28/09/2026 07:22
5d223c21-c152-4425-ab14-1a7a59717c7f,balderdash.farm,available,4.98,49.98,medium,low,10,namecheap,,,21/09/2026 21:39
da9f85e5-bb51-4231-95a8-c34fabc5e6a9,finback.farm,available,15.99,38.99,medium,low,7,namesilo,,,21/09/2026 20:44
18cb31b2-8a52-4d5f-9e25-ffe95a5f44d7,three.farm,available,15.99,38.99,high,low,5,namesilo,,,21/09/2026 13:02
029d044c-eb94-496a-a400-5b6fd0c90323,negative.farm,available,4.98,49.98,high,low,8,namecheap,,,24/09/2026 11:09
d4496d57-2e27-4c6f-a2e5-adf0d75a0fdf,placate.farm,available,4.98,49.98,high,low,7,namecheap,,,18/08/2026 22:12
988dcf62-346f-416a-81cc-209aa4590b11,higgs.farm,available,4.34,31.25,high,low,5,spaceship,,,29/09/2026 14:20
bb19934c-085e-493e-9257-394cadd7a8ff,pitted.farm,available,4.98,49.98,medium,low,6,namecheap,,,
6ee57d81-5045-468d-9016-2030d3062edf,faithfully.farm,available,4.98,49.98,high,low,10,namecheap,,,14/09/2026 11:42
d9384943-f0ee-48f9-9f15-7ede18cd3b5f,simulator.farm,available,15.99,38.99,high,low,9,namesilo,,,30/09/2026 11:02
569283ae-b039-4d25-bb1e-d6e0f5742b7d,propel.farm,available,4.98,49.98,high,low,6,namecheap,,,09/09/2026 03:16
48d73c8d-a57b-44e2-bdee-fa3bf3f23b01,coalesced.farm,available,4.98,49.98,medium,low,9,namecheap,,,
332b88c3-4451-461d-8e22-f8f4241016b2,retreated.farm,available,30.2,30.2,high,low,9,cloudflare,,,30/09/2026 02:43
9cec7f89-9360-456c-b918-7230b3e7cc97,distrait.farm,available,4.98,49.98,low,low,8,namecheap,,,14/08/2026 13:10
2aac324c-f9ba-4199-aa29-a4c40740289b,crutch.farm,available,30.2,30.2,high,low,6,cloudflare,,,03/10/2026 00:22
720a372f-f1f6-4854-9591-18a644e6bb86,aris.farm,available,15.99,38.99,high,low,4,namesilo,,,30/09/2026 03:35
d61bdafd-006f-4ecd-8007-4a2f0db31980,vexer.farm,available,4.98,49.98,medium,low,5,namecheap,,,19/09/2026 10:52
e10d144b-fd1e-4f19-a65e-6ea8554d631f,maxwell.farm,available,7.72,31.41,high,low,7,porkbun,,,28/09/2026 06:04
6f25c4ea-2755-4839-9343-620943b83934,province.farm,available,4.34,31.25,high,low,8,spaceship,,,30/09/2026 08:47
4d1640a3-9ee1-4e1c-8994-6be308723f0d,rimed.farm,available,4.98,49.98,medium,low,5,namecheap,,,09/09/2026 17:39
b338cf8d-f903-4347-a1b8-953ec92dff7f,wrestling.farm,available,30.2,30.2,high,low,9,cloudflare,,,29/09/2026 21:30
f12f1c2f-dfde-4b61-84fd-0021948e29e9,hugely.farm,available,4.98,49.98,medium,low,6,namecheap,,,14/09/2026 15:49
50dd4fdf-cb77-4fc6-8ec6-319cd3cb8263,clovis.farm,premium,38.94,38.94,medium,low,6,namesilo,,,29/09/2026 00:26
36d7a25a-e22f-4900-a2ab-fdbea677b203,cements.farm,available,15.99,38.99,medium,low,7,namesilo,,,20/09/2026 09:07
24f6d815-c40e-4e87-b5b8-2e83e484ff9e,meshugga.farm,available,4.98,49.98,low,low,8,namecheap,,,24/08/2026 21:04
ec8be11d-14c5-483f-ba23-51abfb4134f4,funfair.farm,available,15.99,38.99,high,low,7,namesilo,,,24/09/2026 16:14
140ced51-aa36-46f3-b728-848f022d9afb,attraction.farm,available,15,,high,low,10,unstoppable,,,28/09/2026 23:11
cfac03ae-a7b4-48e7-b951-4712adb7864e,satire.farm,available,15.99,38.99,high,low,6,namesilo,,,24/09/2026 13:17
51b52623-2eda-4bde-abed-a4c756c84fbe,walpole.farm,available,8.99,59.99,medium,low,7,godaddy,,,28/09/2026 01:54
4c636397-765b-4dfb-b76d-b46ae10077b7,ivory.farm,available,4.98,49.98,high,low,5,namecheap,,,04/09/2026 01:20
e9619ed7-2dbf-4dad-ab67-0520ca0baffa,baboon.farm,available,4.98,49.98,high,low,6,namecheap,,,21/09/2026 12:58
ab164c27-458e-4bdd-accb-50906cc2b190,snapped.farm,available,4.98,49.98,medium,low,7,namecheap,,,18/09/2026 06:52
7913cf2d-24bd-4f84-8971-77638af1059b,bellows.farm,available,4.98,49.98,high,low,7,namecheap,,,23/09/2026 06:26
ac0444e6-0b31-4a2f-aba0-a1cf9bd32cb3,diffused.farm,available,4.98,49.98,medium,low,8,namecheap,,,14/08/2026 07:08
17c1d3f7-1ebd-40dc-8ca4-e0bea454f4f2,verifiable.farm,available,4.98,49.98,high,low,10,namecheap,,,12/08/2026 20:51
f059d1da-de3c-424c-bbc9-1edb6be8a649,campaigns.farm,available,15.99,38.99,medium,low,9,namesilo,,,30/09/2026 14:57
065f800b-9b81-4c40-81ec-6ae60f9ddf1d,prying.farm,available,4.98,49.98,medium,low,6,namecheap,,,03/09/2026 21:52
17db15d6-ecf3-4443-9493-7c391cce2c7c,nullified.farm,available,4.98,49.98,medium,low,9,namecheap,,,22/08/2026 08:56
aba59d3e-b827-4dc3-b61e-dd4e4c207a59,benzine.farm,available,15.99,38.99,medium,low,7,namesilo,,,23/09/2026 08:53
84c8313d-d8ce-4310-98a4-53aaa049af8f,derby.farm,premium,33.5,,high,low,5,unstoppable,,,29/09/2026 06:08
b4322f23-627d-49bc-b0c3-0fbca9bd1eb1,aspirations.farm,available,15,,low,low,11,unstoppable,,,29/09/2026 23:55
61c830cb-3d5e-4cf6-9c30-8bc0c93cc57f,cougar.farm,available,15.99,38.99,high,low,6,namesilo,,,30/09/2026 09:16
6ea0f3e4-0295-48fa-8118-ac3e0dad9ce7,warlord.farm,available,15.99,38.99,medium,low,7,namesilo,,,03/10/2026 02:21
7cc03a0f-ff83-4ea7-9558-ce52c570a071,weeklong.farm,available,4.98,49.98,medium,low,8,namecheap,,,10/09/2026 05:01
863d5285-1cd5-4f8e-a1e8-936da7499dc9,mozambican.farm,available,4.98,49.98,high,low,10,namecheap,,,25/08/2026 09:16
dbc7fc03-0b90-4d93-ac3e-c81888b5beda,bedewed.farm,available,4.98,49.98,low,low,7,namecheap,,,09/08/2026 06:46
3d329b1e-dec5-4f63-ad14-4b03ee555f13,calvinist.farm,available,4.98,49.98,medium,low,9,namecheap,,,11/08/2026 15:24
850d717e-72e7-4aba-989b-6aaf752e0587,chromosome.farm,available,15,,medium,low,10,unstoppable,,,30/09/2026 09:09
caaeb9e1-4e64-48cb-955f-dcbb9dc5e44f,shockingly.farm,available,4.98,49.98,medium,low,10,namecheap,,,16/09/2026 01:31
7843d51f-4feb-43eb-85db-83d64b4e3b96,bonn.farm,available,15.99,38.99,high,low,4,namesilo,,,25/09/2026 01:56
24fbbecd-6c81-4da0-b984-aaa2bfcca83d,languages.farm,available,4.98,49.98,medium,low,9,namecheap,,,
03dd1d48-2c4f-4aa3-8912-9b1bd7984525,athenaeum.farm,available,4.98,49.98,high,low,9,namecheap,,,20/09/2026 20:40
d4772a9e-9c1a-4313-86e7-ee550cd37569,cruising.farm,available,7.72,31.41,high,low,8,porkbun,,,29/09/2026 05:15
9455d105-3dce-413d-a4cb-554138a5f93f,confetti.farm,available,4.34,31.25,high,low,8,spaceship,,,29/09/2026 10:53
f47af817-099c-4f19-8d13-858bd2247719,bahamian.farm,available,4.98,49.98,medium,low,8,namecheap,,,08/08/2026 08:31
7ed3656f-31df-489b-8005-96e4ea259957,awed.farm,available,4.98,49.98,medium,low,4,namecheap,,,08/08/2026 00:44
47545027-6cb6-4eba-96eb-baee2640ff1e,plo.farm,available,4.34,31.25,medium,low,3,spaceship,,,28/09/2026 10:40
cb04902b-1e3b-49c5-a497-066d725244e8,unbiased.farm,available,4.98,49.98,high,low,8,namecheap,,,12/09/2026 01:52
525c68f9-8696-40da-ab76-86139117ebdf,mamluk.farm,available,15.99,38.99,medium,low,6,namesilo,,,01/10/2026 06:56
0c1533f8-eda9-484b-875c-d54347b95855,neuromotor.farm,available,4.98,49.98,medium,low,10,namecheap,,,03/09/2026 16:18
8cb4cc55-6b05-48c7-9360-3f6838fa8a2f,weed.farm,resell,,,high,medium,4,,,,29/09/2026 16:35
ab46d59a-c588-46b1-afb2-d9b07831a099,paparazzi.farm,available,15.99,38.99,high,low,9,namesilo,,,16/09/2026 14:02
849f7268-a56c-42dc-85b1-4ad13b78d55b,ancillary.farm,available,4.98,49.98,high,low,9,namecheap,,,
9ba0a486-36f0-45b2-bc18-42044295dcb3,agility.farm,available,13.99,50.99,high,low,7,name.com,,,17/09/2026 17:49
88175555-aa6a-4ffb-a69b-b0f10c5c359e,ray.farm,available,4.98,49.98,high,low,3,namecheap,,,22/09/2026 19:55
d9801dc8-a599-42db-984f-c1bef61228a0,ankles.farm,available,15.99,38.99,medium,low,6,namesilo,,,30/09/2026 00:20
d010dd2f-0b15-4a3f-a2b8-cdc8dd745a3b,afrikaner.farm,available,4.98,49.98,medium,low,9,namecheap,,,
fbe7f938-020c-41b2-8ab4-7131fa57687d,maidstone.farm,premium,118.8,118.8,medium,low,9,namesilo,,,01/10/2026 08:27
e8031c48-2cd9-4348-abfd-0654c726371d,gay.farm,resell,,,high,medium,3,Dynadot Inc,17/01/2026 17:00,17/01/2027 17:00,26/09/2026 06:20
fd0f7f22-f747-4a77-990b-c059f722a5f7,urbanely.farm,available,15.99,38.99,medium,low,8,namesilo,,,16/09/2026 10:27
7668e4d8-2de7-43cd-910a-a887d0e30eb5,sag.farm,available,7.72,31.41,high,low,3,porkbun,,,29/09/2026 16:55
3150a84c-6d94-4edf-a140-f4d7b9b8f789,chronicle.farm,available,15.99,38.99,high,low,9,namesilo,,,16/09/2026 23:05
1fac6a36-e257-445b-bcf5-4cabf33180b4,appaloosa.farm,available,4.98,49.98,high,low,9,namecheap,,,19/09/2026 19:45
1f8d485a-be15-4517-85b0-66ea715cbd20,bevan.farm,available,4.34,31.25,medium,low,5,spaceship,,,29/09/2026 21:45
e0123b15-0a9e-4592-bf1c-b9e45c382a4f,serbian.farm,available,4.98,49.98,high,low,7,namecheap,,,10/09/2026 04:33
56e97017-5b1b-477d-81e0-4a667c5bf587,incite.farm,available,4.98,49.98,high,low,6,namecheap,,,09/09/2026 03:18
50e3cf99-3880-49e6-9633-dca2a65b9dda,oengus.farm,available,4.98,49.98,medium,low,6,namecheap,,,17/09/2026 12:31
d70f0c57-2988-46b7-bd43-45541be06825,nott.farm,available,15.99,38.99,medium,low,4,namesilo,,,02/10/2026 18:46
30e3e576-e275-45d1-969b-399cc55ea737,hopes.farm,available,4.98,49.98,medium,low,5,namecheap,,,25/09/2026 19:44
d82ca817-790f-4822-916c-92c7aac820cb,sponsorship.farm,available,4.98,49.98,high,low,11,namecheap,,,30/09/2026 23:15
f30ce514-91c5-45f1-867b-00a7e0e162f1,iga.farm,available,7.71,32.21,medium,low,3,dynadot,,,29/09/2026 13:05
c4893527-e8b0-4686-9ff2-5a6d649fc9a1,thor.farm,available,4.34,31.25,high,medium,4,spaceship,,,29/09/2026 08:13
794cd792-f2d9-4443-a45f-d61d9fc87c46,ancestral.farm,available,4.98,49.98,high,low,9,namecheap,,,
6976e40f-705c-47ec-b8a1-bf2eb1b239c9,spawning.farm,available,15,,medium,low,8,unstoppable,,,30/09/2026 20:08
672bfd94-3b83-42a7-b63b-02026dfdb668,tab.farm,premium,38.94,38.94,high,low,3,namesilo,,,28/09/2026 10:59
c36d8600-70d5-4572-b7c5-a4a3786f352a,suggests.farm,available,4.98,49.98,medium,low,8,namecheap,,,28/09/2026 08:53
558bbee5-b6ec-457a-b4d2-64b019097b42,depths.farm,available,4.34,31.25,medium,low,6,spaceship,,,28/09/2026 23:11
05e20f8f-d1e9-4e12-8928-330f5f027db2,sewer.farm,available,4.34,31.25,high,low,5,spaceship,,,28/09/2026 15:19
f22a9dae-a791-4de3-8345-09d9f8ec4fad,architecture.farm,resell,,,high,low,12,,,,28/09/2026 17:04
70c195d6-8e7a-4481-9618-adc158bcc4c6,lunch.farm,available,15,38.99,high,low,5,unstoppable,,,29/09/2026 13:42
f7c782fd-6bb9-47e5-89e4-91184063ac62,ponca.farm,available,4.34,31.25,medium,low,5,spaceship,,,02/10/2026 16:25
781ca81f-1d20-4aff-95d6-6e0d7dfd3ded,mormons.farm,available,15.99,38.99,high,low,7,namesilo,,,02/10/2026 04:22
3d497e85-0019-4214-8f56-fd710a488692,vagabond.farm,available,4.98,49.98,high,low,8,namecheap,,,14/08/2026 19:16
202d8d17-d2e7-485d-b3aa-c26898e050f8,sten.farm,available,15.99,38.99,high,low,4,namesilo,,,02/10/2026 17:44
c46f77c4-81c4-4c71-a9ae-7e0b742af13d,sunstruck.farm,available,4.98,49.98,medium,low,9,namecheap,,,11/09/2026 02:01
1f51e8a3-ebce-4101-a792-fa5bd76eed86,jordanian.farm,available,4.98,49.98,high,low,9,namecheap,,,22/08/2026 14:01
ace5b3bd-c57e-492f-b748-d44b6f7a526d,chatty.farm,available,4.98,49.98,high,low,6,namecheap,,,12/08/2026 03:17
a3e5d889-05a5-42fa-ae7b-6c7ef64866f9,algin.farm,available,15.99,38.99,medium,low,5,namesilo,,,18/09/2026 07:04
07817b93-523b-44e5-9272-6df2a3bdb719,enraptured.farm,available,4.98,49.98,high,low,10,namecheap,,,14/08/2026 23:46
a36e976a-bcde-46c4-9180-b8a255472b92,originally.farm,available,4.98,49.98,high,low,10,namecheap,,,15/09/2026 07:14
845701de-000b-4129-94ab-5a839fc50cff,aeration.farm,available,15.99,38.99,high,low,8,namesilo,,,17/09/2026 12:46
ecb36a87-69b1-48a8-b205-6ab9b8791919,bloch.farm,available,15.99,38.99,medium,low,5,namesilo,,,28/09/2026 00:50
f9720af9-dae5-41b1-9fd2-9d9cdd7e2e4c,overfond.farm,available,4.98,49.98,medium,low,8,namecheap,,,04/09/2026 20:35
52766e13-004b-4467-846f-dd7e6e924217,addams.farm,available,7.71,32.21,medium,low,6,dynadot,,,29/09/2026 23:22
8fdddaa5-46f6-4a3b-9834-09048603b706,miscarriage.farm,available,30.2,30.2,medium,low,11,cloudflare,,,30/09/2026 14:13
5ae21649-1b50-45d6-bb7b-31a2f6b35e93,seasonable.farm,available,4.98,49.98,medium,low,10,namecheap,,,10/09/2026 00:56
1f6312b8-7080-4331-8602-1676d35d369a,streetcar.farm,available,4.34,31.25,high,low,9,spaceship,,,01/10/2026 03:55
085a8cfb-2afb-42c2-9844-de37039dcb5a,arithmancy.farm,available,15.99,38.99,medium,low,10,namesilo,,,20/09/2026 06:00
b92d386b-5412-47d8-a6d9-3dfff23a8da3,jpl.farm,available,7.72,31.41,medium,low,3,porkbun,,,01/10/2026 07:58
7cae6334-6e1a-4200-96f6-27ed35d21590,moneyless.farm,available,4.98,49.98,medium,low,9,namecheap,,,25/08/2026 04:43
aa15e8ce-ab5b-47f9-b556-ef16d67f5c65,codified.farm,available,4.98,49.98,medium,low,8,namecheap,,,12/08/2026 15:19
c045a58d-9786-48bb-a07a-441695cbfa6b,uproar.farm,available,15.99,38.99,medium,low,6,namesilo,,,29/09/2026 04:35
6bad63d8-f138-4de4-8c61-f0053b88cedd,congratulate.farm,available,4.34,31.25,high,low,12,spaceship,,,29/09/2026 03:02
f7f8b88f-50ae-45d2-9020-9bacb6694cd4,gunner.farm,available,15.99,38.99,high,low,6,namesilo,,,20/09/2026 11:48
4c92eb6c-16fe-49d6-b160-6f82b8b8bafa,witting.farm,available,4.98,49.98,medium,low,7,namecheap,,,12/08/2026 22:24
d2efda0d-ff73-4a77-8cb2-9b01391b3aba,tends.farm,available,15.99,38.99,medium,low,5,namesilo,,,29/09/2026 04:58
bf82ba17-32dc-4486-a04c-5444fcba0ead,sparked.farm,available,15.99,38.99,high,low,7,namesilo,,,30/09/2026 04:13
09f9f2ae-d434-43ff-8258-38ad716f2b8d,insults.farm,available,15.99,38.99,low,low,7,namesilo,,,29/09/2026 11:09
21498f7a-1b10-4093-87d2-328b6923fcda,oviparous.farm,available,4.98,49.98,medium,low,9,namecheap,,,04/09/2026 22:09
47eb020c-f466-45e2-a9d2-0103aa521ee2,impostor.farm,available,4.98,49.98,medium,low,8,namecheap,,,09/09/2026 04:59
10c930f2-96a5-48b8-b449-89d18e146ee0,adrenal.farm,available,4.98,49.98,high,low,7,namecheap,,,
e0b2d087-54d1-4f03-a761-6f9ef98de5ee,doula.farm,available,4.98,49.98,high,low,5,namecheap,,,23/09/2026 21:09
168c1a82-ac0b-4ef7-9aa2-b5062552000d,agitator.farm,available,4.98,49.98,medium,low,8,namecheap,,,17/09/2026 18:07
d9db2c59-9643-4595-8c60-20f04437b986,owner.farm,available,15.99,38.99,high,low,5,namesilo,,,25/09/2026 09:45
7b507be8-46f9-4cd9-bf38-31bedceb8da2,dull.farm,available,15.99,38.99,medium,low,4,namesilo,,,23/09/2026 00:25
1709192a-55cf-4f7b-b6be-758d6c1db59d,played.farm,available,15.99,38.99,high,low,6,namesilo,,,27/09/2026 04:03
7c84050a-2cb0-4ba5-9ede-dafa6d71cd15,splash.farm,resell,,,high,medium,6,,,,28/09/2026 10:43
077b5e5f-6adf-4557-a46e-cce43693652d,caprice.farm,available,4.98,49.98,high,low,7,namecheap,,,24/09/2026 12:38
7534f660-20f1-4e75-a540-05b3c2ceb01d,amaretto.farm,available,15.99,38.99,high,low,8,namesilo,,,18/09/2026 15:58
00b5dd56-6ffd-49db-89e8-e23d3c1177f2,beads.farm,available,15,,high,low,5,unstoppable,,,29/09/2026 01:39
bed30ab6-3d11-4ddb-b92d-e085ec34d5a1,oceangoing.farm,available,4.98,49.98,medium,low,10,namecheap,,,04/09/2026 00:20
a0154112-dc2b-476d-851a-c6d5b4c12fff,eudaemonia.farm,available,4.98,49.98,high,low,10,namecheap,,,12/09/2026 22:59
0049530b-c3ab-41f5-9115-f0ee72efcbdb,villains.farm,available,15.99,38.99,medium,low,8,namesilo,,,30/09/2026 07:35
5ac7f3fb-7de4-4dba-94d2-5b72f45f1067,drag.farm,available,15.99,38.99,high,low,4,namesilo,,,25/09/2026 22:05
91a815ca-682c-462a-a91e-2ab107b9ab96,apical.farm,available,4.98,49.98,medium,low,6,namecheap,,,05/08/2026 23:58
55d89ee8-68ba-42d5-8bd0-2836c73ae755,cong.farm,available,30.2,30.2,high,low,4,cloudflare,,,01/10/2026 07:59
7392ec55-385e-4f0d-a355-db3781513de9,lighterman.farm,available,15.99,38.99,medium,low,10,namesilo,,,22/09/2026 05:46
84dde8ef-bb0a-46d5-992f-fa7bf2a64314,curve.farm,available,,,high,low,5,,,,
e5b02d9a-236d-4882-89f4-be393c411c94,herefordshire.farm,available,15.99,38.99,medium,low,13,namesilo,,,01/10/2026 07:50
c409f1d3-252d-4ce3-af56-83556656a5c2,soissons.farm,available,15.99,38.99,medium,low,8,namesilo,,,22/09/2026 15:58
5fe0186d-f7e3-42a0-b44a-97c67cb476fe,sonar.farm,available,15.99,38.99,high,low,5,namesilo,,,20/09/2026 13:30
3e62736d-1761-485e-aa5d-eb4dd4a23a78,riemannian.farm,available,4.98,49.98,medium,low,10,namecheap,,,09/09/2026 17:21
9533763a-54ab-41c8-bd25-db8e07d8b416,correlate.farm,available,15.99,38.99,high,low,9,namesilo,,,23/09/2026 23:49
ee958ee8-94b2-4af6-8f26-8f0dd027407e,friedrich.farm,available,4.98,49.98,high,low,9,namecheap,,,25/09/2026 18:50
1720a355-c2c8-4e51-9673-c12d004b4b57,auxin.farm,available,15.99,38.99,high,low,5,namesilo,,,21/09/2026 08:33
db655379-6454-46e8-97c7-2d9602df5b2e,eon.farm,available,15.99,38.99,high,low,3,namesilo,,,17/09/2026 12:38
b8abf48d-706a-4262-b5b8-1b877891a344,lxxiv.farm,available,4.98,49.98,medium,low,5,namecheap,,,
ddb84b89-2a09-41d4-a4bb-ae96e51311f7,expose.farm,available,7.71,32.21,high,low,6,dynadot,,,29/09/2026 16:08
ebe10d22-ebe2-4b63-9566-30f45b017473,megan.farm,available,15.99,38.99,medium,low,5,namesilo,,,26/09/2026 03:31
a8693ef4-118b-471d-ade7-1c1e291b2067,stickers.farm,available,15.99,38.99,high,low,8,namesilo,,,30/09/2026 07:47
b463c727-2cb7-4f14-9c38-a6940ccfbbcb,belated.farm,available,4.98,49.98,medium,low,7,namecheap,,,09/08/2026 12:37
3994e636-a94f-447d-8db4-41cabfc6c3aa,encompass.farm,available,15.99,38.99,high,low,9,namesilo,,,03/10/2026 00:39
79245d33-a8d3-4abb-87b3-f44bd77f5db7,freelance.farm,resell,,,high,low,9,"Spaceship, Inc.",23/02/2026 08:03,23/02/2027 08:03,02/10/2026 11:04
0dcc83ff-e235-48c8-b7bd-88aee9833b06,loftily.farm,available,4.98,49.98,medium,low,7,namecheap,,,15/09/2026 12:38
06bd504e-9ca3-42c3-ad57-5cc1f1d29aed,plenteous.farm,available,4.98,49.98,medium,low,9,namecheap,,,08/09/2026 21:08
b94dc1ff-6d4b-4a06-bdc6-e5ede17443df,voronezh.farm,available,4.34,31.25,medium,low,8,spaceship,,,30/09/2026 21:25
7899621e-d2fe-4b09-99ed-74fb2113104e,babassu.farm,available,4.98,49.98,high,low,7,namecheap,,,21/09/2026 12:15
bec5d0b5-1013-4771-90bf-f2a507de7b50,eyesight.farm,available,7.72,31.41,high,low,9,porkbun,,,29/09/2026 18:51
389ef7dc-5224-427f-ba38-82f382478ab1,ceiling.farm,available,4.98,49.98,high,low,7,namecheap,,,24/09/2026 13:23
693933f0-2073-4936-9694-a3352fd71fb1,hollywood.farm,premium,118.8,118.8,high,low,9,namesilo,,,21/08/2026 10:34
a2f2479a-f7b1-44c3-9fbd-1ed57ba4c5a1,beagle.farm,available,4.98,49.98,high,low,6,namecheap,,,22/09/2026 19:37
14f26298-3220-46b4-920f-f3f11edf62b8,brewery.farm,available,4.34,31.25,high,low,7,spaceship,,,28/09/2026 18:30
0a486183-02e9-4fa4-99d5-b02fafdad49c,belknap.farm,available,4.34,31.25,high,low,7,spaceship,,,29/09/2026 15:05
12e51a0a-cb0f-4045-b1ef-9206aa6d4511,adder.farm,available,4.98,49.98,medium,low,5,namecheap,,,17/09/2026 06:46
eabf5094-089b-4edd-9a3e-e43f7a63c0bd,propranolol.farm,available,15.99,38.99,medium,low,11,namesilo,,,20/09/2026 00:29
3dfa714a-8606-4218-b83c-9ba4682c61f1,anser.farm,available,15.99,38.99,medium,low,5,namesilo,,,19/09/2026 12:03
ed9d9b79-b043-4e04-bbc5-493ea28eb673,ornament.farm,available,4.34,31.25,high,low,8,spaceship,,,30/09/2026 09:20
2e7d0237-2369-4db0-8272-6f1e53a6eb30,tunes.farm,available,30.2,30.2,medium,low,5,cloudflare,,,28/09/2026 18:03
7118399a-e89b-4db2-8366-49218398cdcf,kicker.farm,available,4.34,31.25,high,low,6,spaceship,,,30/09/2026 17:48
36ebea87-f6a7-4bcf-9ebd-c8434488e75a,doe.farm,available,15.99,38.99,high,low,3,namesilo,,,29/09/2026 00:39
4d4e1788-f437-470c-b239-0bc969a84a4b,eponymous.farm,available,4.98,49.98,high,low,9,namecheap,,,17/08/2026 11:29
151c21ea-ffbb-4ba8-ae41-0c6321491d1d,inconsistent.farm,available,15.99,38.99,medium,low,12,namesilo,,,01/10/2026 06:14
ed9bb87f-0e0c-4420-926f-f342a1282865,sousaphone.farm,available,4.98,49.98,medium,low,10,namecheap,,,22/09/2026 11:51
f182287e-09c2-4734-b843-dab4db74302e,charging.farm,available,7.71,32.21,high,low,8,dynadot,,,28/09/2026 04:40
950b8b31-c246-438b-be2e-9cd0cc85ac97,roadblock.farm,available,15.99,38.99,medium,low,9,namesilo,,,22/09/2026 08:30
f83a1a0b-b471-4d05-9dac-8fbfc38e3150,parky.farm,available,4.98,49.98,medium,low,5,namecheap,,,08/09/2026 01:38
a8eec3bc-8d12-4736-8837-fd9ed0e3781f,hera.farm,available,30.2,30.2,high,low,4,cloudflare,,,01/10/2026 02:29
a07b12d5-63bc-4192-9cbd-7407aaaa6d48,sewed.farm,available,4.98,49.98,medium,low,5,namecheap,,,10/09/2026 05:05
a3d09b7d-b121-4adf-8ff4-9a6cc9414910,netlike.farm,available,4.98,49.98,medium,low,7,namecheap,,,03/09/2026 16:00
e53a6822-f1a7-418e-a0a1-433f922bb1b2,highbrow.farm,available,4.98,49.98,medium,low,8,namecheap,,,21/08/2026 09:09
de8c5182-b77c-44ae-9ace-3f03f8c0cb86,atenolol.farm,available,4.98,49.98,medium,low,8,namecheap,,,20/09/2026 20:09
ad42a842-6137-4768-a1f2-fbd97deb60f7,behaved.farm,available,30.2,30.2,medium,low,7,cloudflare,,,30/09/2026 05:57
77898338-2e7b-4170-8b15-4dc5e1bd2550,apertures.farm,available,4.34,31.25,medium,low,9,spaceship,,,30/09/2026 07:45
6d304cb6-5da0-4292-83ae-725a57b03b01,allis.farm,available,15.99,38.99,medium,low,5,namesilo,,,18/09/2026 11:06
77230893-03d2-41bb-adb6-95411d87c12d,strickland.farm,available,15,,medium,low,10,unstoppable,,,28/09/2026 06:47
bd020d07-596e-460d-a364-f84469e83412,montenegrin.farm,available,15,,high,low,11,unstoppable,,,29/09/2026 21:21
5c5b29df-aa44-46ea-abe1-91c8d07bcff7,hammock.farm,available,7.72,31.41,high,low,7,porkbun,,,01/10/2026 02:23
cca53908-4b92-47fa-9a02-cdbf3d63abe8,capabilities.farm,available,7.71,32.21,medium,low,12,dynadot,,,29/09/2026 11:06
77916c26-3730-4875-b149-542e99df8ff3,lewisburg.farm,available,7.72,31.41,medium,low,9,porkbun,,,02/10/2026 10:31
636201af-a100-4a44-a470-c9fd5cfb8125,sep.farm,available,15,,high,low,3,unstoppable,,,30/09/2026 10:56
b1cf45ab-0cbf-4867-8a8e-270746c6fc3d,erosive.farm,available,4.98,49.98,medium,low,7,namecheap,,,13/08/2026 02:09
83b5e6c7-fd16-48b3-8d15-bbfd25e9d5a0,hussein.farm,available,4.98,49.98,medium,low,7,namecheap,,,25/09/2026 07:40
52cacba4-d144-4046-8a55-59344a1b2d9f,chartless.farm,available,4.98,49.98,medium,low,9,namecheap,,,12/08/2026 02:52
eca74bdc-ccc4-4709-8923-f77b873223ea,esthete.farm,available,15.99,38.99,medium,low,7,namesilo,,,17/09/2026 13:35
8d19106f-1ddc-4ee6-81b1-e01040879720,toothsome.farm,available,4.98,49.98,medium,low,9,namecheap,,,14/08/2026 00:24
ba937741-565d-436b-bc01-230bf63d1a40,aniline.farm,available,15.99,38.99,high,low,7,namesilo,,,18/09/2026 21:45
2719cab7-e8fd-4230-a9be-9785621630a8,scientist.farm,available,7.71,32.21,high,low,9,dynadot,,,01/10/2026 20:34
2808d266-3e04-46aa-b422-029861ffeab7,olsen.farm,available,15.99,38.99,high,low,5,namesilo,,,25/09/2026 12:35
4aee4913-4845-4a72-8fa1-865ba0d7c2c2,exhaust.farm,available,4.98,49.98,high,low,7,namecheap,,,29/09/2026 18:34
010e380d-3498-443d-aec7-52c9a0607511,accepted.farm,available,15.99,38.99,high,low,8,namesilo,,,21/09/2026 15:25
c0b236b7-a4cc-40d7-a8ee-f72fa55b2f83,yank.farm,available,4.98,49.98,high,low,4,namecheap,,,13/09/2026 14:14
b323de5d-782b-44bf-a0da-58f61bbe73be,ashram.farm,available,15.99,38.99,medium,low,6,namesilo,,,20/09/2026 13:58
1add7c8b-a63a-4b51-b991-27c8e007291a,lucile.farm,available,30.2,30.2,medium,low,6,cloudflare,,,02/10/2026 19:50
b39345ba-e49a-47c2-aaad-50ecec5f6227,filial.farm,available,4.98,49.98,medium,low,6,namecheap,,,18/08/2026 04:17
1368c68f-e366-4cb9-a255-4efb4ac5f4f2,aristocrats.farm,available,7.72,31.41,medium,low,11,porkbun,,,30/09/2026 15:48
5894f0d5-c5fb-4f47-b3da-23028f58d162,curvey.farm,available,4.98,49.98,medium,low,6,namecheap,,,13/08/2026 11:51
412f4fd8-76d7-4dbe-aad4-f9db206fd147,pcb.farm,available,30.2,30.2,high,low,3,cloudflare,,,28/09/2026 17:13
cc0085d7-2beb-4b68-9f0f-e721a94b918c,economics.farm,available,30.2,30.2,high,low,9,cloudflare,,,28/09/2026 19:02
9b3bb10f-0165-4345-88ba-10c84dd6abbd,cinnamon.farm,available,4.34,31.25,high,low,8,spaceship,,,29/09/2026 07:51
7f052d28-14ae-4c13-9641-25cd6100809e,jerking.farm,available,4.98,49.98,medium,low,7,namecheap,,,06/08/2026 21:58
9a67e838-b9d2-47cb-8025-5a21c2baee14,atkins.farm,available,15.99,38.99,high,low,6,namesilo,,,25/09/2026 17:28
8f2194bb-6ecd-4c91-bf69-34b024a238c5,southwark.farm,available,15.99,38.99,medium,low,9,namesilo,,,29/09/2026 09:21
6d80daee-2cc3-40c6-8266-89724356420f,haag.farm,available,4.34,31.25,medium,low,4,spaceship,,,01/10/2026 00:54
c4d7a328-6f76-4755-a36e-ebd89fa497cb,gables.farm,available,30.2,30.2,medium,low,6,cloudflare,,,02/10/2026 14:14
3f5d7c6e-ec5b-421f-88e1-5370b304b074,simonds.farm,available,15.99,38.99,medium,low,7,namesilo,,,02/10/2026 10:59
0f83c04b-e967-404c-8434-343f31c6b96a,designs.farm,available,15.99,38.99,high,low,7,namesilo,,,30/09/2026 20:49
cd981272-e25a-4f66-bfc7-7cd751b7f5dd,numinous.farm,available,4.98,49.98,medium,low,8,namecheap,,,03/09/2026 23:01
d20d211b-800e-47f1-99ae-6eadb3acb408,eternity.farm,available,4.34,31.25,high,low,8,spaceship,,,28/09/2026 01:51
dce9f09f-2f88-469b-9e3c-8f123f346501,camped.farm,available,15.99,38.99,medium,low,6,namesilo,,,01/10/2026 00:22
9ee7137c-c048-49f4-8364-0c26fe95dfd8,rehabilitate.farm,available,30.2,30.2,high,low,12,cloudflare,,,02/10/2026 18:06
7804555d-f3d8-49cd-baac-3d748cfe3e93,authors.farm,available,15.99,38.99,medium,low,7,namesilo,,,29/09/2026 23:35
121c631b-e427-42b6-9017-1fa5bc419de2,torrey.farm,available,30.2,30.2,medium,low,6,cloudflare,,,29/09/2026 09:58
b8ccc258-7b0f-4d3e-863f-9336341dc3b1,quantum.farm,resell,,,high,medium,7,,,,28/09/2026 15:10
4b2bb757-46f6-4065-a2e0-0135aa657232,pianos.farm,available,15.99,38.99,medium,low,6,namesilo,,,20/09/2026 09:12
185c7f94-0bd6-4cf4-8c1a-748efe6e19e5,filled.farm,available,4.98,49.98,high,low,6,namecheap,,,24/09/2026 18:13
c7bbe509-5bdc-4d85-9902-4dd7743362c2,northampton.farm,premium,128.7,128.7,medium,low,11,namecheap,,,25/09/2026 14:57
c4b6bbe6-26f7-4060-8a01-36a06e684b7b,acromion.farm,available,4.98,49.98,medium,low,8,namecheap,,,17/09/2026 03:49
f8ffb852-b078-4ee8-874d-61324319ba76,blowing.farm,available,4.98,49.98,medium,low,7,namecheap,,,25/09/2026 00:21
b16458ea-dee3-46f3-aacc-55b7cfd3cf2f,atonal.farm,available,4.98,49.98,medium,low,6,namecheap,,,07/08/2026 13:46
a078f035-1a89-4801-8d8d-b86ec45a0283,drill.farm,available,15.99,38.99,high,low,5,namesilo,,,25/09/2026 00:07
e6c192c3-de71-4e13-a35c-49bdd1b5ca47,canterbury.farm,premium,,,high,low,10,,,,29/09/2026 18:10
0d8375b1-f17c-42dd-932d-a1b99073f4c5,herrera.farm,available,15,,medium,low,7,unstoppable,,,28/09/2026 04:13
b01c7080-479e-4bed-8a65-37641bc6bc34,ordinate.farm,available,4.98,49.98,high,low,8,namecheap,,,12/08/2026 22:29
2ccaf7ab-66c9-4e92-bcb1-e990fa6ed971,valueless.farm,available,4.98,49.98,medium,low,9,namecheap,,,13/09/2026 01:01
33b1a65a-a953-444c-999c-5daea7f6e3be,valued.farm,available,4.34,31.25,high,low,6,spaceship,,,28/09/2026 10:07
f27a8a03-9688-45ac-a0e1-903ca2bb8a7c,apes.farm,available,15.99,38.99,medium,low,4,namesilo,,,29/09/2026 04:59
39cd6074-c7d7-496f-b642-6cda91b0e8e5,protecting.farm,available,15.99,38.99,high,low,10,namesilo,,,27/09/2026 02:52
cd767e56-b771-4a2c-9af5-25b26fa6bd68,dainty.farm,available,13.99,50.99,high,low,6,name.com,,,13/08/2026 15:40
33637e96-def5-4201-8f19-777c272135f0,wages.farm,available,15.99,38.99,high,low,5,namesilo,,,30/09/2026 10:15
0b1fcfde-1efa-44e7-a199-61a73326239a,inherited.farm,available,4.98,49.98,high,low,9,namecheap,,,18/08/2026 21:33
ed29de16-e759-4fb5-bde9-698b48ec72de,defunct.farm,available,4.98,49.98,medium,low,7,namecheap,,,13/08/2026 23:55
26e9c356-05a8-41c3-bf25-bd623e0eeea5,mush.farm,available,15.99,38.99,high,low,4,namesilo,,,02/10/2026 04:27
d6633743-e9f3-48b8-b4fa-0fc195235cf8,licked.farm,available,4.98,49.98,medium,low,6,namecheap,,,23/08/2026 01:00
679838ff-5f95-4b1d-bce7-7187bc644d38,ammon.farm,available,15.99,38.99,medium,low,5,namesilo,,,02/10/2026 08:53
67737a2e-5e7b-4806-9d6e-d4003f25d1ba,dedham.farm,available,15,,medium,low,6,unstoppable,,,29/09/2026 22:43
4c156339-f5be-49e5-9239-654821ea4e48,sentimental.farm,available,15,,high,low,11,unstoppable,,,28/09/2026 03:30
b56c2e07-d783-4353-b3b5-43f3c10b07c7,ductile.farm,available,4.98,49.98,medium,low,7,namecheap,,,14/08/2026 20:50
107eeb6e-5b65-448a-a72d-f6dbc169abea,inception.farm,available,15,,high,low,9,unstoppable,,,29/09/2026 23:45
3d82b1f3-4ce0-413d-b822-f5e1d66d4cdf,janine.farm,available,15.99,38.99,high,low,6,namesilo,,,30/09/2026 13:20
cf11135c-aa77-41df-a476-5d47461e3e35,shooter.farm,available,4.98,49.98,medium,low,7,namecheap,,,24/09/2026 19:04
26221487-7513-4b74-896d-3f56668448fc,ackee.farm,available,15.99,38.99,medium,low,5,namesilo,,,17/09/2026 01:52
da3a70ac-b092-4edd-9a20-24f4c70ab451,smokey.farm,available,30.2,30.2,high,low,6,cloudflare,,,02/10/2026 19:03
0a21a831-7dba-4328-aab5-14af9206dd21,wieldy.farm,available,4.98,49.98,medium,low,6,namecheap,,,13/09/2026 11:52
479fa0eb-54f6-44dd-ab0d-4dc3fc740337,assay.farm,available,15.99,38.99,high,low,5,namesilo,,,20/09/2026 15:54
562aabd4-2a21-4b5d-88d2-896904b24a19,smoggy.farm,available,4.98,49.98,medium,low,6,namecheap,,,10/09/2026 11:52
da946481-df94-4168-ba68-c35c283d1e94,disillusioned.farm,available,15,,medium,low,13,unstoppable,,,02/10/2026 07:38
feb5a4b5-105a-42b8-8222-ce4a57ba51ba,assassination.farm,available,4.34,31.25,medium,low,13,spaceship,,,28/09/2026 11:16
15f47d18-0627-45c7-ba94-cc809e4d8bcb,advancement.farm,available,15.99,38.99,high,low,11,namesilo,,,29/09/2026 10:15
93da6bdf-c4aa-4bbc-a85b-95e9e1974e83,papal.farm,available,4.98,49.98,medium,low,5,namecheap,,,06/08/2026 04:09
da47ddf9-c923-4e22-8753-ffd9d2e043cc,dis.farm,available,15.99,38.99,high,low,3,namesilo,,,24/09/2026 22:25
d4f70000-3068-4704-b296-1381758e5a19,hasten.farm,available,4.98,49.98,medium,low,6,namecheap,,,09/09/2026 19:47
ccab7c66-e38f-4c60-bc43-eaea3465ba2a,sides.farm,available,15.99,38.99,medium,low,5,namesilo,,,17/09/2026 23:26
04049bff-2aa5-4bbe-a69e-25c7b2467077,grouse.farm,available,4.98,49.98,high,low,6,namecheap,,,23/09/2026 00:24
ae3f01f9-c64e-47f5-ad74-ae153c6dec90,nizam.farm,available,15,,high,low,5,unstoppable,,,01/10/2026 06:54
544a9818-a638-4585-9634-8306a1e03df1,function.farm,available,4.34,31.25,high,low,8,spaceship,,,29/09/2026 20:12
8971b892-9d16-4467-b36f-e23ff3b985ce,vigo.farm,available,15.99,38.99,medium,low,4,namesilo,,,29/09/2026 15:42
3568d62f-cfa1-4f50-a032-2b109942f5e3,sevener.farm,available,4.98,49.98,medium,low,7,namecheap,,,
d4b64d07-9c8d-41f6-9dbd-7500937da6c7,deco.farm,available,15.99,38.99,high,low,4,namesilo,,,20/09/2026 09:50
9b6df933-3525-4c72-9b8c-3f945073bd52,severed.farm,available,13.99,50.99,medium,low,7,name.com,,,13/08/2026 12:32
270b7414-2d25-4e7a-9ed5-a68dc9e2ef91,niobium.farm,available,15.99,38.99,medium,low,7,namesilo,,,20/09/2026 23:04
4b2fc190-7164-4671-a844-9c732ada77fb,dlc.farm,available,15.99,38.99,high,low,3,namesilo,,,28/09/2026 12:11
cb08fa75-1d43-4bf6-9398-b0d73c053de8,blu.farm,available,4.34,31.25,high,medium,3,spaceship,,,02/10/2026 18:05
eed8d484-5f3e-4f4f-843a-eb1d36bdf6af,albuca.farm,available,15.99,38.99,high,low,6,namesilo,,,18/09/2026 03:19
4ecfef14-ce14-4081-83d6-9839c2c9a007,athos.farm,available,4.98,49.98,medium,low,5,namecheap,,,20/09/2026 21:17
c4d8236e-1bf7-41a6-9eef-006ae4f6c484,ventures.farm,available,30.2,30.2,high,low,8,cloudflare,,,01/10/2026 17:59
b30f965b-e99f-440d-9cae-82a12893a862,bakeshop.farm,available,4.98,49.98,high,low,8,namecheap,,,21/09/2026 20:10
ce5a007f-cb31-4f06-ba0e-7491d69c2fe8,heroism.farm,available,30.2,30.2,high,low,7,cloudflare,,,29/09/2026 18:59
0c07671e-c79c-40f0-90fd-fa504d8cecdb,marvin.farm,available,4.98,49.98,high,low,6,namecheap,,,25/09/2026 13:38
0b46ad48-9b20-4839-bdd1-54c7d3b76159,villainous.farm,available,4.98,49.98,medium,low,10,namecheap,,,03/09/2026 14:59
a2791b09-0f04-4c13-a757-08cee5fd029c,airless.farm,available,4.98,49.98,medium,low,7,namecheap,,,
728c5c28-11a0-4f21-b52d-22ef5022558f,mechanical.farm,available,15.99,38.99,high,low,10,namesilo,,,25/09/2026 18:43
43cdf639-e068-4328-b9ba-d1a37f97453e,zaftig.farm,available,4.98,49.98,medium,low,6,namecheap,,,13/09/2026 14:56
c9e35408-093f-46ac-bfb5-2e0a9bf8e850,prisoner.farm,available,4.98,49.98,high,low,8,namecheap,,,11/08/2026 18:26
1a7e86d2-aadf-4248-8293-273aecea8444,skywards.farm,available,4.98,49.98,medium,low,8,namecheap,,,10/09/2026 09:51
494b2715-5964-440f-b2dc-c7a547a77cb1,accolade.farm,available,15.99,38.99,high,low,8,namesilo,,,16/09/2026 22:45
aa4d9a74-eb01-41e3-a83b-d21ca8c5fb05,sherlock.farm,available,4.98,49.98,high,low,8,namecheap,,,28/09/2026 15:08
9dd26fd6-7e99-402e-90cf-f6f1d25c16b7,inglis.farm,available,4.34,31.25,medium,low,6,spaceship,,,29/09/2026 14:51
6d39cb61-9b55-4652-8e1c-864ce80d368a,fatigue.farm,available,15.99,38.99,high,low,7,namesilo,,,25/09/2026 11:36
d4689f7e-dbcc-46f8-9a4d-6b95c385e66a,allergic.farm,available,4.98,49.98,high,low,8,namecheap,,,22/09/2026 01:25
2e0d5fae-19e0-4951-8c42-82f67d2a2c76,elkins.farm,available,15,,medium,low,6,unstoppable,,,29/09/2026 15:44
08b82af0-b7de-42f1-bfe7-fa1135b29015,antipode.farm,available,4.98,49.98,medium,low,8,namecheap,,,19/09/2026 14:58
2bd0491c-7fc8-45b9-ae6f-fbca8be69977,squalls.farm,available,15.99,38.99,low,low,7,namesilo,,,20/09/2026 14:16
4c278f57-b994-4e29-a3d3-d50a6a7f550f,imminent.farm,available,4.98,49.98,high,low,8,namecheap,,,21/08/2026 20:55
efe5f864-8958-4266-986d-f606d5623f68,birdbath.farm,available,4.98,49.98,high,low,8,namecheap,,,23/09/2026 20:31
1e8b85df-4228-4637-9de9-810053118af4,bachelors.farm,available,4.34,31.25,medium,low,9,spaceship,,,02/10/2026 13:27
a035e826-fce2-45ad-860c-f1c5f5938d2c,guthrie.farm,available,15.99,38.99,high,low,7,namesilo,,,25/09/2026 06:47
7ddd41da-025c-4009-a48c-457f991b6ee1,vomiting.farm,available,4.34,31.25,medium,low,8,spaceship,,,29/09/2026 15:43
15808df4-ece4-49d0-a0d6-597c495baa60,esthetics.farm,available,4.98,49.98,high,low,9,namecheap,,,17/09/2026 13:38
d81b8dda-e152-423c-85f5-282d63e3a650,radiography.farm,available,4.34,31.25,high,low,11,spaceship,,,30/09/2026 23:27
c33552b6-a262-4bb8-b7f1-307443f9aa32,fundamentals.farm,available,4.98,49.98,high,low,12,namecheap,,,17/09/2026 09:40
5550f972-ca05-48bb-b18b-644e887bbc95,mun.farm,available,4.34,31.25,high,low,3,spaceship,,,03/10/2026 02:53
fab0f5dc-7c32-4ff1-9873-11171e33fedc,appearing.farm,available,4.98,49.98,high,low,9,namecheap,,,19/09/2026 20:25
2b599662-fcaf-48a7-bf3a-34676bd8aabe,imposing.farm,available,4.98,49.98,high,low,8,namecheap,,,08/08/2026 20:16
e61bef0b-f983-4c73-8ecc-95653ca93498,obligated.farm,available,4.34,31.25,high,low,9,spaceship,,,29/09/2026 21:21
a61edc69-c56f-4c37-9e67-703e6db1288c,unbelievably.farm,available,15.99,38.99,medium,low,12,namesilo,,,03/10/2026 03:28
980a7db1-ae31-4bd9-a79b-23c174b101ea,bellyache.farm,available,4.98,49.98,medium,low,9,namecheap,,,23/09/2026 00:26
a6324906-ac5a-48f0-8890-4a4feb015917,markings.farm,available,4.98,49.98,medium,low,8,namecheap,,,29/09/2026 10:28
4dc207fa-9916-4933-9cd1-2b36daa3e0ec,godlike.farm,available,4.98,49.98,high,low,7,namecheap,,,20/08/2026 16:06
d7476470-c7d9-4c07-a7e2-846728294705,git.farm,premium,118.8,118.8,high,medium,3,namesilo,,,11/08/2026 09:25
0100a30c-d70a-422e-bc8a-677432e5c09f,profligate.farm,available,13.99,50.99,medium,low,10,name.com,,,13/08/2026 20:24
ef0154c4-5533-4df4-a8b9-35a34a462302,homely.farm,available,4.98,49.98,high,low,6,namecheap,,,21/08/2026 11:04
2a0003d5-3859-492c-a664-9793b297b1e9,trusting.farm,available,4.98,49.98,high,low,8,namecheap,,,11/09/2026 20:47
43abb94a-9fb6-4cd3-9fb2-e43a1dcf01d4,network.farm,resell,,,high,medium,7,"Global Domains International, Inc. DBA DomainCostClub.com",29/11/2022 09:54,29/11/2026 09:54,02/10/2026 16:02
44a3d611-4388-4414-9558-ceb4d7d706d6,credited.farm,available,4.34,31.25,high,low,8,spaceship,,,01/10/2026 06:00
3cc20dd8-dcc8-4773-92cc-e966cf402263,vientiane.farm,available,15.99,38.99,medium,low,9,namesilo,,,01/10/2026 01:16
6f883338-a41f-48c2-b902-97d0e237fdc2,nugget.farm,available,15.99,38.99,high,low,6,namesilo,,,02/10/2026 16:13
6595de0d-2cad-4058-a7eb-f7d0f8ba8349,transitive.farm,available,4.98,49.98,high,low,10,namecheap,,,11/09/2026 18:55
2b8d15b1-6bd7-4df4-8a01-8fe7bdd4b7e1,sooner.farm,available,4.98,49.98,high,low,6,namecheap,,,15/09/2026 21:16
45a276e9-c947-4065-a520-baeaed943104,editing.farm,available,30.2,30.2,high,low,7,cloudflare,,,28/09/2026 13:57
8a25fb61-3e49-4f81-ab30-880f2063fad8,peed.farm,available,15.99,38.99,medium,low,4,namesilo,,,18/09/2026 08:17
569d2025-0e28-4986-b62b-90e749875891,custodial.farm,available,4.98,49.98,medium,low,9,namecheap,,,13/08/2026 12:19
e7efd91d-aa3a-4952-b85c-ce514ae7defa,raids.farm,available,15.99,38.99,medium,low,5,namesilo,,,30/09/2026 07:30
2640bb57-bedf-4aba-af77-cb07da5f09ac,authorship.farm,available,15.99,38.99,high,low,10,namesilo,,,21/09/2026 05:26
4b6793ad-bc62-4d51-bd0e-9dcc8747afed,octavia.farm,available,15.99,38.99,medium,low,7,namesilo,,,01/10/2026 09:32
20445ff8-d330-45b5-a504-963a69cd1d58,epileptic.farm,available,4.98,49.98,high,low,9,namecheap,,,17/08/2026 10:58
32560a27-ad2b-4d74-8af5-0a62165fec85,tenured.farm,available,4.98,49.98,medium,low,7,namecheap,,,11/09/2026 11:43
dbae3311-24b3-4ee4-865b-d5b7b58928ce,wipe.farm,available,7.72,31.41,high,low,4,porkbun,,,27/09/2026 16:23
217f31ec-bfb2-4c0a-a5d9-dbb17f5ab484,undergraduate.farm,available,4.34,31.25,medium,low,13,spaceship,,,01/10/2026 06:13
763bcbb4-75fa-448d-badd-d80fa6994431,cleopatra.farm,available,15.99,38.99,high,low,9,namesilo,,,29/09/2026 09:59
27af0684-a79a-48bf-8f76-e5a96e0e06ff,saigon.farm,available,4.34,31.25,medium,low,6,spaceship,,,28/09/2026 10:04
b1353ef1-9a20-416e-900c-3f74b5cba625,gilded.farm,available,4.98,49.98,high,low,6,namecheap,,,14/08/2026 00:55
d77fd704-61c2-471f-aa82-62fd17447fdc,montaigne.farm,available,4.34,31.25,high,low,9,spaceship,,,30/09/2026 18:02
8a4b760c-990a-436c-8954-2d624e3400ed,abvolt.farm,available,4.98,49.98,medium,low,6,namecheap,,,16/09/2026 19:39
3b56a736-7658-4565-ba08-5fdd497afb5f,genes.farm,available,15.99,38.99,medium,low,5,namesilo,,,01/10/2026 17:20
3501e0bb-ecb5-4bec-842c-6b6d3bdaebd8,creed.farm,available,30.2,30.2,high,low,5,cloudflare,,,28/09/2026 18:43
6dea03a2-c7f5-4315-b912-503399320f4c,faithless.farm,available,4.98,49.98,medium,low,9,namecheap,,,17/08/2026 21:14
03c245e5-fdde-4041-8ede-d861c716d8dc,asteroids.farm,available,15,,medium,low,9,unstoppable,,,02/10/2026 21:29
eaec76da-0033-4b40-a724-5a8274df1080,expansion.farm,available,30.2,30.2,high,low,9,cloudflare,,,28/09/2026 19:05
a0078e38-b0fc-4465-bf10-75df5866505d,bloodline.farm,available,4.98,49.98,high,low,9,namecheap,,,08/09/2026 13:11
856847ce-29c6-4b96-8161-9292ec9ffa18,weepy.farm,available,4.98,49.98,medium,low,5,namecheap,,,13/09/2026 10:06
b787b657-a0d2-4fcf-abd4-f20f81a82231,diplomacy.farm,available,4.98,49.98,high,low,9,namecheap,,,29/09/2026 15:04
bc26a195-c655-4eed-a69b-c48d3a9839d1,henson.farm,available,15,,medium,low,6,unstoppable,,,28/09/2026 14:26
495c1933-2b4c-4312-92c8-f0bb0d42efff,modern.farm,resell,,,high,low,6,"GoDaddy.com, LLC",22/07/2015 23:07,22/07/2027 23:07,26/09/2026 07:36
5d66c2d9-8942-4395-acd4-dcd94e8e5360,blase.farm,available,4.98,49.98,medium,low,5,namecheap,,,10/08/2026 13:19
045e9d8e-b848-4d6a-9f81-a1be53301345,abashed.farm,available,4.98,49.98,medium,low,7,namecheap,,,
b1297bc2-dfbe-424a-a086-f8c361588192,mournful.farm,available,4.98,49.98,medium,low,8,namecheap,,,14/08/2026 15:16
70ba95fb-949d-4df0-ac71-53695340ef49,takashi.farm,available,4.34,31.25,medium,low,7,spaceship,,,30/09/2026 21:32
aa311069-ac0c-4e8e-bd0b-a636bdfb4e59,espn.farm,available,4.98,49.98,high,low,4,namecheap,,,28/09/2026 08:02
5bed7a26-fb83-4fc7-a8bf-db12cdb37a1e,aecium.farm,available,15.99,38.99,medium,low,6,namesilo,,,17/09/2026 12:08
0aa59f6d-8f66-474d-a027-4d29c4b027fe,hymn.farm,available,15.99,38.99,high,low,4,namesilo,,,29/09/2026 01:20
ad0ba812-b593-4d50-86ed-0ade1c9412c9,radial.farm,available,4.98,49.98,high,low,6,namecheap,,,09/09/2026 09:30
29a1d5b0-cb53-470f-a17a-c300190a2471,reproduction.farm,available,15,,medium,low,12,unstoppable,,,29/09/2026 15:58
45bb3221-221d-44eb-a828-199e2478ec32,marketable.farm,available,4.98,49.98,high,low,10,namecheap,,,24/08/2026 16:04
59dac436-4a7f-45bb-8931-6a8870071075,sutures.farm,available,15,,medium,low,7,unstoppable,,,01/10/2026 18:00
a464910d-e0a4-4743-b1fb-18f43fc41fd1,prospective.farm,available,15,,high,low,11,unstoppable,,,30/09/2026 03:37
5b4a29dd-cfaf-4ee1-ac63-2b643f1672d4,developmental.farm,available,4.34,31.25,high,low,13,spaceship,,,03/10/2026 05:39
74736edd-72f5-4e1c-bd04-b9bb2349100b,arawn.farm,available,15.99,38.99,medium,low,5,namesilo,,,20/09/2026 00:29
6b41990b-e2a7-481a-870a-efbc52b7ffd0,mesial.farm,available,4.98,49.98,medium,low,6,namecheap,,,24/08/2026 21:08
23639a49-4a30-4900-944e-6164ca017d29,oates.farm,available,7.72,31.41,medium,low,5,porkbun,,,28/09/2026 19:34
f5476ed3-7292-40bf-9cf7-55a13fc65678,hack.farm,resell,,,high,medium,4,,,,28/09/2026 01:47
dd737112-bac4-477d-8439-52c1848e12b9,antabuse.farm,available,4.98,49.98,medium,low,8,namecheap,,,19/09/2026 12:24
03062039-591a-475e-80fb-7e3625620a13,sio.farm,available,7.71,32.21,high,low,3,dynadot,,,02/10/2026 19:13
4922002c-7f4a-470c-87f0-ca4319bea1df,shaykh.farm,available,4.98,49.98,medium,low,6,namecheap,,,30/09/2026 21:57
64c95404-6e1e-490c-b9ad-f8a659130f5f,abandonment.farm,available,4.98,49.98,medium,low,11,namecheap,,,29/09/2026 22:48
5b9febbd-1bc0-41ef-a9b2-28b5e3a47a83,fosamax.farm,available,15.99,38.99,medium,low,7,namesilo,,,18/09/2026 05:11
e54c4713-5ea7-4e14-bade-79802d1c5750,dads.farm,premium,118.8,118.8,medium,low,4,namesilo,,,20/09/2026 10:27
4b712e76-e06e-4895-a4b6-2cb297b28b77,hostile.farm,available,15.99,38.99,medium,low,7,namesilo,,,25/09/2026 00:05
85bd1282-051b-4cd9-9e85-0efea24fea66,vaux.farm,available,15.99,38.99,high,low,4,namesilo,,,01/10/2026 01:15
7df434b0-bd5e-4103-8a23-503c260250e0,blankets.farm,available,15.99,38.99,medium,low,8,namesilo,,,29/09/2026 05:14
aff23197-f615-4b2f-bf11-3e634d40072c,resign.farm,available,15.99,38.99,medium,low,6,namesilo,,,30/09/2026 06:20
850a0638-1b67-4796-bd14-e2203ee93a9f,amphibia.farm,available,15.99,38.99,high,low,8,namesilo,,,18/09/2026 23:11
799c06c6-1e82-4090-96de-b50793318041,custer.farm,available,8.99,59.99,medium,low,6,godaddy,,,28/09/2026 01:44
e40a1fd0-9754-481b-90e5-87208153581d,determined.farm,available,15.99,38.99,high,low,10,namesilo,,,24/09/2026 07:38
97f7d840-1eed-4d05-8f5f-66c060819907,concerning.farm,available,15.99,38.99,high,low,10,namesilo,,,28/09/2026 03:24
d029635c-1324-4d09-a2df-8c75a1553340,alliance.farm,resell,,,high,low,8,"Spaceship, Inc.",23/02/2026 08:03,23/02/2027 08:03,26/09/2026 03:48
ba048599-8c7c-4db2-9d2d-d341bf41025a,cupule.farm,available,15.99,38.99,medium,low,6,namesilo,,,17/09/2026 02:18
0154cd8d-0828-4c6b-99e4-a1d17ce1c8f2,aurorean.farm,available,4.98,49.98,medium,low,8,namecheap,,,07/08/2026 18:12
474fce21-5245-40d9-bb95-f87106508c3b,incomplete.farm,available,4.98,49.98,high,low,10,namecheap,,,22/08/2026 01:53
e63b3e5c-e385-4276-9a3a-0d8077dab0af,antigua.farm,available,15.99,38.99,high,low,7,namesilo,,,19/09/2026 14:32
cb4840ce-9c7e-4b39-981d-9dc214dd5161,restaurants.farm,available,15.99,38.99,medium,low,11,namesilo,,,29/09/2026 00:02
d7eef4cd-df7b-47a0-8d14-3ee17adc9299,upwind.farm,available,4.98,49.98,high,low,6,namecheap,,,22/08/2026 22:35
148e5468-79df-4c45-8446-6560d022234b,inflowing.farm,available,4.98,49.98,medium,low,9,namecheap,,,22/08/2026 04:34
569346f0-a1f8-4bc0-b680-6281e4de4860,touchable.farm,available,4.98,49.98,high,low,9,namecheap,,,11/09/2026 07:57
1099e96f-fa3c-4724-9e75-568c5e7f4cae,exercises.farm,available,15,,medium,low,9,unstoppable,,,28/09/2026 17:18
c3db6236-6205-437f-9262-00589e05cec2,norte.farm,available,15.99,38.99,high,low,5,namesilo,,,27/09/2026 07:02
1612eb18-89d2-424c-ad98-d4608dd8313f,showcase.farm,available,15.99,38.99,high,low,8,namesilo,,,29/09/2026 16:09
8cc8d1b5-6119-4b84-9028-09532638bb29,vend.farm,available,15.99,38.99,high,low,4,namesilo,,,30/09/2026 02:34
3cfcd0cc-e0f2-46fc-b559-6b37a1a47050,und.farm,available,15.99,38.99,high,low,3,namesilo,,,25/09/2026 11:22
57539bed-1723-441e-b7a8-c7c7ff7ef118,slept.farm,available,13.99,,medium,low,5,name.com,,,
5ffbd219-9578-45d4-b1f4-25401488f59a,songs.farm,available,4.98,49.98,high,low,5,namecheap,,,25/09/2026 19:03
330f4b3f-ebc0-4bba-a76f-9f50f2611a46,earful.farm,available,15.99,38.99,medium,low,6,namesilo,,,22/09/2026 17:11
daa4ed74-47e0-4676-b702-661b4f17ba38,grandpas.farm,available,15.99,38.99,medium,low,8,namesilo,,,21/09/2026 09:18
93c08d01-ab64-48f1-a1d2-92598a9a14e2,apostles.farm,available,30.2,30.2,medium,low,8,cloudflare,,,01/10/2026 15:28
74ca1342-f97f-4878-86eb-1d3584793217,logistic.farm,available,4.98,49.98,high,low,8,namecheap,,,24/08/2026 08:52
84a848d9-24ef-4449-aa58-46a6270e530b,archimedes.farm,available,15.99,38.99,medium,low,10,namesilo,,,20/09/2026 02:08
6f1ab69b-5397-4eb5-86dc-8775a4a4c43b,kita.farm,available,4.98,49.98,high,low,4,namecheap,,,03/10/2026 06:01
a5d98451-d29e-4066-a722-e077cae74b9e,soiled.farm,available,4.98,49.98,medium,low,6,namecheap,,,14/08/2026 09:10
3d9d08bd-f331-493e-b3a8-4c083bafa5f4,crusher.farm,available,15,,high,low,7,unstoppable,,,03/10/2026 00:22
d58bf1ae-6c47-41ab-9549-bfc1850c3a1c,firing.farm,available,4.98,49.98,high,low,6,namecheap,,,27/09/2026 03:58
e4655bb1-2b26-4f83-85c7-35f9d66583d5,kamchatka.farm,available,4.34,31.25,medium,low,9,spaceship,,,30/09/2026 21:23
4468040f-50f1-4a4d-9e03-800d926103fd,murdoch.farm,available,8.99,59.99,medium,low,7,godaddy,,,28/09/2026 01:45
43454dc1-b6c9-407e-89ca-ce00ea09264a,unknown.farm,available,4.98,49.98,high,low,7,namecheap,,,03/09/2026 12:55
a55ff851-19c7-4eef-a103-3c8aeba17faf,intensive.farm,available,15.99,38.99,high,low,9,namesilo,,,25/09/2026 09:57
da6e8574-d429-4e4e-9094-375da9f4e425,devine.farm,available,30.2,30.2,medium,low,6,cloudflare,,,28/09/2026 17:34
e629b836-a697-4c0b-b4cd-4e6941a855dd,blancmange.farm,available,15.99,38.99,medium,low,10,namesilo,,,24/09/2026 03:51
508a7f6c-d2b0-4462-bef2-fd6721c713ff,brisk.farm,available,4.98,49.98,high,low,5,namecheap,,,11/08/2026 00:32
1f992d2f-d54e-4785-b5f3-5b401a180d3c,slighting.farm,available,4.98,49.98,medium,low,9,namecheap,,,09/08/2026 13:15
d73adee1-a940-4c41-9f64-9a2620414c42,diamonds.farm,available,4.98,49.98,high,low,8,namecheap,,,03/10/2026 03:39
d066c7e2-8cd4-4b24-be33-184e7f56ce26,haig.farm,available,7.71,32.21,medium,low,4,dynadot,,,28/09/2026 12:12
7d2da840-3ee3-4f1b-b632-8989691b9620,sizeable.farm,available,4.98,49.98,high,low,8,namecheap,,,20/08/2026 16:40
a6587b8f-eb63-4510-8ddb-135cb37c43be,seu.farm,available,4.34,31.25,high,low,3,spaceship,,,02/10/2026 18:33
98eeb3f6-9146-4d9e-8393-cbb0fe07300f,iced.farm,available,4.34,31.25,high,low,4,spaceship,,,29/09/2026 14:21
bb403771-ffbe-492a-b5f0-ebdbc14e1d24,multnomah.farm,available,15.99,38.99,high,low,9,namesilo,,,30/09/2026 21:47
def65b89-ab14-48d9-8fe5-0d8a92ab153c,visualise.farm,available,15.99,38.99,high,low,9,namesilo,,,24/09/2026 16:40
f2fb89cd-ce2c-44c9-9e76-fe83f4009c8f,fugo.farm,available,15.99,38.99,medium,low,4,namesilo,,,21/09/2026 23:09
371eccce-f670-4789-8a2c-ecb891898648,measles.farm,available,4.34,31.25,medium,low,7,spaceship,,,30/09/2026 04:11
71b76842-c406-4478-807a-c1e3978a8458,virtual.farm,resell,,,high,medium,7,GoDaddy Online Services Cayman Islands Ltd.,06/08/2015 23:06,06/08/2027 23:06,01/10/2026 02:51
c1d6ba14-52e9-477f-b9f2-fed89bfc1aaf,climber.farm,available,15.99,38.99,high,low,7,namesilo,,,24/09/2026 15:39
1f437f37-946f-479c-86a1-d984a42fb546,sibylline.farm,available,4.98,49.98,medium,low,9,namecheap,,,11/08/2026 12:20
d98b37f5-8adb-4c90-811b-02212f89ff86,pulled.farm,available,13.99,,high,low,6,name.com,,,
a5eed7fe-4cfe-4acc-af3e-2a32208aa504,evince.farm,available,4.98,49.98,high,low,6,namecheap,,,17/08/2026 18:43
db88045f-e583-42e2-86e0-71645809d736,pleased.farm,available,15.99,38.99,high,low,7,namesilo,,,27/09/2026 04:08
0ae20c51-b2b1-4595-a10d-a823cf987221,branson.farm,available,4.34,31.25,high,low,7,spaceship,,,29/09/2026 17:54
2ba6a6df-c646-4f05-bb15-35d95b890e3d,determination.farm,available,4.98,49.98,high,low,13,namecheap,,,19/09/2026 18:25
16ed1e56-7a7f-4c34-806e-ce3b309de0f5,stray.farm,available,4.98,49.98,high,low,5,namecheap,,,25/09/2026 11:32
701f9843-f2dd-433c-bccc-39895a0770ac,lister.farm,available,15.99,38.99,medium,low,6,namesilo,,,22/09/2026 07:14
72ebfb86-e472-4ff6-a30b-20a5914adb42,arundo.farm,available,15.99,38.99,high,low,6,namesilo,,,20/09/2026 12:25
4cac5246-3ef1-4521-af80-38a9004c8149,malden.farm,available,4.98,49.98,medium,low,6,namecheap,,,29/09/2026 15:07
3f9bea36-4770-4218-919a-52b4632069b1,settlements.farm,available,15,,medium,low,11,unstoppable,,,02/10/2026 12:53
439f4a1d-c8bf-400f-aca0-1dec5ee83163,flawlessly.farm,available,4.98,49.98,medium,low,10,namecheap,,,12/08/2026 10:23
10a488db-b942-49f1-bad1-b3a993c8d32a,eagerness.farm,available,4.98,49.98,high,low,9,namecheap,,,21/09/2026 09:28
a48d44e4-801d-4fa9-a7a1-70975cce70d9,andean.farm,available,,,high,low,6,,,,
af979e3e-ebd5-47c1-b5b2-98ec33913a0c,exclaimed.farm,available,15.99,38.99,medium,low,9,namesilo,,,18/09/2026 01:31
09b0a9a1-eec9-4941-a38b-458ea5a76c67,scanned.farm,available,7.72,31.41,high,low,7,porkbun,,,30/09/2026 20:03
0d1e2c85-411a-46a6-9c51-0cffc2602762,ascertain.farm,available,4.34,31.25,high,low,9,spaceship,,,02/10/2026 17:12
bd1104f5-5f05-441d-888e-8b9e2692a500,pensive.farm,available,4.98,49.98,medium,low,7,namecheap,,,11/08/2026 06:00
bdc5c60c-96ab-4717-b3ce-927255a3c1dc,citv.farm,available,4.34,31.25,medium,low,4,spaceship,,,03/10/2026 05:42
19fb3ce8-4a83-4104-8dfc-33e74f09aaf6,idiopathic.farm,available,4.98,49.98,medium,low,10,namecheap,,,21/08/2026 18:09
d6b84075-75a8-4979-9d2e-3ebb72241cce,subocean.farm,available,4.98,49.98,low,low,8,namecheap,,,11/09/2026 00:32
c40f618f-6d8b-4a87-8fb3-e8cabad03e4f,baykal.farm,available,4.98,49.98,high,low,6,namecheap,,,21/09/2026 18:56
fb3dc8b3-3be0-41d0-8f12-9f925981250b,sneezing.farm,available,7.71,32.21,medium,low,8,dynadot,,,30/09/2026 11:18
8e4a1021-ad52-4387-aed7-df522316f27a,endurable.farm,available,4.98,49.98,medium,low,9,namecheap,,,09/08/2026 04:33
e4d2276f-c658-4ff6-831d-249395cb01a2,swank.farm,available,4.98,49.98,high,low,5,namecheap,,,12/08/2026 04:51
3b91cb09-dde2-4dbd-967d-1af486b28582,bestial.farm,available,4.98,49.98,medium,low,7,namecheap,,,09/08/2026 17:57
5c17a922-eb0b-4b56-84c6-ae36a9b11444,booklover.farm,available,15.99,38.99,medium,low,9,namesilo,,,23/09/2026 12:51
9149655f-f484-4d0b-9c52-91247510e852,aton.farm,available,4.98,49.98,medium,low,4,namecheap,,,20/09/2026 20:06
1d1a9c5c-e1c9-445d-9f60-ef901d56ee8d,assent.farm,available,15.99,38.99,high,low,6,namesilo,,,20/09/2026 16:09
a16be9ff-234d-418f-853f-481419b72ede,attire.farm,available,4.98,49.98,high,low,6,namecheap,,,21/09/2026 01:52
7f09b989-9e7f-4f1c-b80e-dec7e3bdc899,routine.farm,available,15.99,38.99,high,low,7,namesilo,,,24/09/2026 15:39
945df3b4-ed6a-437b-b338-8613c4c31bcd,abatement.farm,available,15.99,38.99,medium,low,9,namesilo,,,16/09/2026 14:09
de91ff38-c7f3-4428-88a4-180ef315e990,legislative.farm,available,4.34,31.25,high,low,11,spaceship,,,01/10/2026 07:23
23a0a6e4-29e7-47a3-8a68-5f1cfde4d02f,aboral.farm,available,4.98,49.98,medium,low,6,namecheap,,,
642958f6-5cfa-4dbf-8554-8efb6767c20b,severe.farm,available,15.99,38.99,medium,low,6,namesilo,,,22/09/2026 13:18
2762afd9-3128-4874-8e65-d253889bdef0,burbling.farm,available,4.98,49.98,medium,low,8,namecheap,,,11/08/2026 10:10
6a041447-d94c-4d3b-a2d8-9820ec2e8804,athwart.farm,available,4.98,49.98,medium,low,7,namecheap,,,13/09/2026 22:38
110a143e-ff91-438c-a1c1-e1b4000521f0,legislature.farm,available,15,,high,low,11,unstoppable,,,01/10/2026 05:03
24bac8d6-72c8-499f-bf48-c1db49781863,quickness.farm,available,15,,high,low,9,unstoppable,,,28/09/2026 18:29
ed90e9a0-a051-496c-b9d7-6cf34b5480a7,irascible.farm,available,4.98,49.98,medium,low,9,namecheap,,,21/08/2026 14:18
b4d5b91f-b318-4b4e-b7f1-ac5d0d4e219e,breaks.farm,available,4.98,49.98,medium,low,6,namecheap,,,17/09/2026 22:04
8df11363-adac-435d-a629-5e8f29d9b3da,consequently.farm,available,4.34,31.25,medium,low,12,spaceship,,,29/09/2026 10:11
678d698c-1ad8-4c00-88e2-2598cffd1dc6,vanguard.farm,available,,,high,high,8,,,,
780aaba1-dd7c-40cb-8f16-e1abe3926fe0,babyish.farm,available,4.98,49.98,medium,low,7,namecheap,,,08/08/2026 03:53
94db7786-081b-4531-9cf0-80d5dd19d31c,angelic.farm,available,15.99,38.99,high,low,7,namesilo,,,22/09/2026 04:25
a9799a1a-82fc-4f72-a41e-9cc090e3a7c5,unions.farm,available,15.99,38.99,medium,low,6,namesilo,,,30/09/2026 00:35
1282b205-0816-4276-b5e1-c47d85135307,tanning.farm,available,4.98,49.98,high,low,7,namecheap,,,22/08/2026 20:14
f67f401c-061a-44e5-a782-050b1ca71961,bionomics.farm,available,4.98,49.98,high,low,9,namecheap,,,23/09/2026 18:43
493ae02b-4e1d-4e57-a0e3-db8eb4faf222,bris.farm,available,4.98,49.98,high,low,4,namecheap,,,23/09/2026 09:28
65d19126-cc73-49db-9d41-a39cc1310471,brightly.farm,available,4.98,49.98,high,low,8,namecheap,,,11/08/2026 04:04
8b7fad68-e933-4583-bc9e-fff671197340,accounting.farm,available,30.2,30.2,high,low,10,cloudflare,,,01/10/2026 17:54
c4aea15a-8f57-4a3c-82ea-e0a69723e220,traditions.farm,available,15.99,38.99,medium,low,10,namesilo,,,29/09/2026 10:32
3b8f049c-1651-4c0e-a768-535f9847c099,priorities.farm,available,15.99,38.99,medium,low,10,namesilo,,,28/09/2026 17:39
dbb44947-8406-4d4b-b882-3ca879b6432f,quartermaster.farm,available,7.72,31.41,medium,low,13,porkbun,,,03/10/2026 02:38
0c87192a-8b4c-460a-884d-a38496cb62a1,politic.farm,available,4.98,49.98,high,low,7,namecheap,,,08/09/2026 23:06
3fc5e18e-f4ab-4b46-aaf6-bb261c364296,quantico.farm,available,15.99,38.99,medium,low,8,namesilo,,,01/10/2026 11:25
f503f51e-3757-4aaf-92bf-bd86f29d698c,broad.farm,available,15.99,38.99,high,low,5,namesilo,,,19/09/2026 06:03
2570465e-2f24-4f26-bc5b-38605a82f8ad,lifelessly.farm,available,13.99,50.99,low,low,10,name.com,,,13/08/2026 19:35
a6d4d00b-ec26-4113-8859-072c846983f7,unrequited.farm,available,4.98,49.98,medium,low,10,namecheap,,,12/09/2026 00:45
ec895c2f-f9fd-4e40-98b8-a7f10db49139,offers.farm,available,15.99,38.99,high,low,6,namesilo,,,27/09/2026 23:51
23ffa9f0-fd34-4933-b5fb-7bcd1250872d,cet.farm,available,30.2,30.2,medium,low,3,cloudflare,,,30/09/2026 13:12
fe6f69c5-db2a-46fe-ae45-1b22a22d56a5,artists.farm,available,30.2,30.2,high,low,7,cloudflare,,,28/09/2026 00:02
92d63fd2-d424-4783-86ed-0114cdcd405c,vlad.farm,available,4.34,31.25,high,low,4,spaceship,,,02/10/2026 00:50
93122104-4e71-4534-83f4-bc45e18b6873,switching.farm,available,4.34,31.25,high,low,9,spaceship,,,28/09/2026 06:49
25c86afc-c419-4b82-95fa-efc7042debf7,impulsive.farm,available,4.98,49.98,high,low,9,namecheap,,,11/08/2026 01:34
5a136625-072f-4d30-b36d-fd6d0f53d38d,drowned.farm,available,4.34,31.25,medium,low,7,spaceship,,,27/09/2026 22:47
c66b9afb-c357-4cd7-80dd-ac841f81dbaa,lugano.farm,available,7.71,32.21,medium,low,6,dynadot,,,02/10/2026 00:46
e769f48c-73d9-4f24-8d0d-4f8944808393,unrested.farm,available,4.98,49.98,medium,low,8,namecheap,,,12/09/2026 18:02
2b9f9fbf-54ab-4f9b-b18f-66f5af47ce01,squirt.farm,available,15.99,38.99,high,low,6,namesilo,,,02/10/2026 06:05
96eae21a-affb-43c9-84f6-b4c062d7e13e,criticise.farm,available,4.98,49.98,high,low,9,namecheap,,,30/09/2026 18:08
9c7aa41f-223d-47ae-bf3a-ff66d1ce3589,liberating.farm,available,4.34,31.25,high,low,10,spaceship,,,30/09/2026 19:42
ea2a33c8-a6dd-484d-835b-f9237d79c007,chivalrous.farm,available,4.98,49.98,high,low,10,namecheap,,,12/08/2026 06:14
a9774395-a07a-48cb-9997-69e21ecc75c8,defraud.farm,available,4.98,49.98,medium,low,7,namecheap,,,14/09/2026 08:02
a9169651-fbc6-4b42-bb42-ab8a239942d2,crates.farm,available,4.98,49.98,low,low,6,namecheap,,,01/10/2026 17:58
12ccac81-64a9-41e1-bd04-89410c5f9800,allegheny.farm,available,15.99,38.99,medium,low,9,namesilo,,,18/09/2026 10:28
490276c8-83d0-4ebb-9062-5fc9de4bdf15,intuitive.farm,available,4.34,31.25,high,low,9,spaceship,,,01/10/2026 15:52
c892589c-538b-4e82-acfd-80fcda7fbd45,severance.farm,available,7.72,31.41,medium,low,9,porkbun,,,02/10/2026 04:48
81ea760f-4e35-4161-894d-2a87f82dbb6e,hindsight.farm,available,15.99,38.99,high,low,9,namesilo,,,29/09/2026 22:47
c7747fe1-9684-4e50-80f9-2660b144e77e,smilax.farm,available,4.98,49.98,high,low,6,namecheap,,,20/09/2026 14:41
f7db13b2-6fa5-4d42-822b-4170c7020710,breakable.farm,available,4.98,49.98,medium,low,9,namecheap,,,11/08/2026 02:59
63840de8-28e6-4300-93c3-f0a3e3b72387,stabilizer.farm,available,4.34,31.25,high,low,10,spaceship,,,03/10/2026 02:10
5bf99aa6-74be-4dcc-96a8-031a92b6149e,bowden.farm,available,7.71,32.21,medium,low,6,dynadot,,,02/10/2026 20:08
651f8536-f757-4248-8d89-a427b08659f6,mullen.farm,available,15,,high,low,6,unstoppable,,,30/09/2026 03:34
19868230-42e5-471e-8574-6c63e1fe2781,hacked.farm,available,15,,medium,low,6,unstoppable,,,29/09/2026 17:39
fb718ef2-6c34-4804-91d5-9233b18d4048,exceptions.farm,available,30.2,30.2,low,low,10,cloudflare,,,28/09/2026 23:04
36b633e3-2626-4d5e-9c57-b823406e05c7,sorely.farm,available,15.99,38.99,medium,low,6,namesilo,,,16/09/2026 05:13
0bffbdbe-f943-4f1b-adac-242a340fbd62,cvp.farm,available,15,,high,low,3,unstoppable,,,01/10/2026 23:07
5787bb51-6086-44fc-a263-b0d4007ba509,membrane.farm,available,15,,high,low,8,unstoppable,,,29/09/2026 07:36
1483392a-8aa4-4e1d-b551-076efd8caf47,sew.farm,available,30.2,30.2,high,low,3,cloudflare,,,29/09/2026 14:00